Date-Time (EST/EDT),TempC
2/26/24 19:10,14.75
2/26/24 19:20,14.71
2/26/24 19:30,14.71
2/26/24 19:40,14.58
2/26/24 19:50,14.37
2/26/24 20:00,14.33
2/26/24 20:10,14.11
2/26/24 20:20,14.03
2/26/24 20:30,13.81
2/26/24 20:40,13.68
2/26/24 20:50,13.68
2/26/24 21:00,13.55
2/26/24 21:10,13.51
2/26/24 21:20,13.38
2/26/24 21:30,13.17
2/26/24 21:40,13.04
2/26/24 21:50,12.82
2/26/24 22:00,12.61
2/26/24 22:10,12.48
2/26/24 22:20,12.35
2/26/24 22:30,12.22
2/26/24 22:40,11.97
2/26/24 22:50,11.88
2/26/24 23:00,11.71
2/26/24 23:10,11.58
2/26/24 23:20,11.28
2/26/24 23:30,11.02
2/26/24 23:40,10.72
2/26/24 23:50,10.34
2/27/24 0:00,10.04
2/27/24 0:10,10.04
2/27/24 0:20,9.91
2/27/24 0:30,9.65
2/27/24 0:40,9.52
2/27/24 0:50,9.35
2/27/24 1:00,9.26
2/27/24 1:10,9.31
2/27/24 1:20,9.31
2/27/24 1:30,9.18
2/27/24 1:40,9.65
2/27/24 1:50,9.18
2/27/24 2:00,9.05
2/27/24 2:10,9.18
2/27/24 2:20,9.22
2/27/24 2:30,9.35
2/27/24 2:40,9.52
2/27/24 2:50,9.56
2/27/24 3:00,9.39
2/27/24 3:10,9.48
2/27/24 3:20,9.56
2/27/24 3:30,9.26
2/27/24 3:40,9.18
2/27/24 3:50,9.35
2/27/24 4:00,10.04
2/27/24 4:10,10.34
2/27/24 4:20,10.81
2/27/24 4:30,10.98
2/27/24 4:40,10.98
2/27/24 4:50,10.81
2/27/24 5:00,10.59
2/27/24 5:10,10.55
2/27/24 5:20,10.77
2/27/24 5:30,10.81
2/27/24 5:40,10.68
2/27/24 5:50,10.77
2/27/24 6:00,10.94
2/27/24 6:10,10.98
2/27/24 6:20,11.15
2/27/24 6:30,11.28
2/27/24 6:40,11.37
2/27/24 6:50,11.28
2/27/24 7:00,11.19
2/27/24 7:10,10.94
2/27/24 7:20,11.07
2/27/24 7:30,10.64
2/27/24 7:40,10.16
2/27/24 7:50,10.21
2/27/24 8:00,10.08
2/27/24 8:10,9.99
2/27/24 8:20,9.69
2/27/24 8:30,9.65
2/27/24 8:40,9.95
2/27/24 8:50,10.72
2/27/24 9:00,11.79
2/27/24 9:10,12.35
2/27/24 9:20,12.48
2/27/24 9:30,12.01
2/27/24 9:40,11.84
2/27/24 9:50,11.92
2/27/24 10:00,12.1
2/27/24 10:10,12.44
2/27/24 10:20,12.78
2/27/24 10:30,12.78
2/27/24 10:40,12.87
2/27/24 10:50,13.12
2/27/24 11:00,13.08
2/27/24 11:10,13.17
2/27/24 11:20,13.12
2/27/24 11:30,13.21
2/27/24 11:40,13.08
2/27/24 11:50,13.04
2/27/24 12:00,13.04
2/27/24 12:10,13
2/27/24 12:20,13.04
2/27/24 12:30,13.04
2/27/24 12:40,13.04
2/27/24 12:50,13.47
2/27/24 13:00,13.94
2/27/24 13:10,14.5
2/27/24 13:20,15.48
2/27/24 13:30,15.7
2/27/24 13:40,15.31
2/27/24 13:50,15.01
2/27/24 14:00,14.58
2/27/24 14:10,14.93
2/27/24 14:20,15.57
2/27/24 14:30,15.18
2/27/24 14:40,15.18
2/27/24 14:50,14.67
2/27/24 15:00,14.67
2/27/24 15:10,15.57
2/27/24 15:20,15.57
2/27/24 15:30,14.37
2/27/24 15:40,13.98
2/27/24 15:50,13.77
2/27/24 16:00,13.3
2/27/24 16:10,13.17
2/27/24 16:20,12.91
2/27/24 16:30,12.44
2/27/24 16:40,12.31
2/27/24 16:50,12.18
2/27/24 17:00,12.01
2/27/24 17:10,11.84
2/27/24 17:20,11.84
2/27/24 17:30,11.79
2/27/24 17:40,11.71
2/27/24 17:50,11.75
2/27/24 18:00,11.88
2/27/24 18:10,11.71
2/27/24 18:20,11.75
2/27/24 18:30,11.84
2/27/24 18:40,11.79
2/27/24 18:50,11.84
2/27/24 19:00,11.92
2/27/24 19:10,11.92
2/27/24 19:20,11.75
2/27/24 19:30,11.67
2/27/24 19:40,11.54
2/27/24 19:50,11.62
2/27/24 20:00,11.84
2/27/24 20:10,11.71
2/27/24 20:20,11.75
2/27/24 20:30,11.97
2/27/24 20:40,12.05
2/27/24 20:50,12.31
2/27/24 21:00,12.48
2/27/24 21:10,12.61
2/27/24 21:20,12.61
2/27/24 21:30,12.52
2/27/24 21:40,12.44
2/27/24 21:50,12.4
2/27/24 22:00,12.48
2/27/24 22:10,12.48
2/27/24 22:20,12.48
2/27/24 22:30,12.44
2/27/24 22:40,12.48
2/27/24 22:50,12.48
2/27/24 23:00,12.4
2/27/24 23:10,12.4
2/27/24 23:20,12.4
2/27/24 23:30,12.44
2/27/24 23:40,12.48
2/27/24 23:50,12.52
2/28/24 0:00,12.7
2/28/24 0:10,12.82
2/28/24 0:20,13
2/28/24 0:30,13.12
2/28/24 0:40,13.21
2/28/24 0:50,13.3
2/28/24 1:00,13.38
2/28/24 1:10,13.38
2/28/24 1:20,13.38
2/28/24 1:30,13.34
2/28/24 1:40,13.34
2/28/24 1:50,13.3
2/28/24 2:00,13.25
2/28/24 2:10,13.25
2/28/24 2:20,13.21
2/28/24 2:30,13.34
2/28/24 2:40,13.3
2/28/24 2:50,13.34
2/28/24 3:00,13.25
2/28/24 3:10,13.21
2/28/24 3:20,13.25
2/28/24 3:30,13.3
2/28/24 3:40,13.43
2/28/24 3:50,13.47
2/28/24 4:00,13.43
2/28/24 4:10,13.38
2/28/24 4:20,13.3
2/28/24 4:30,13.25
2/28/24 4:40,13.21
2/28/24 4:50,13.34
2/28/24 5:00,13.64
2/28/24 5:10,13.68
2/28/24 5:20,13.9
2/28/24 5:30,14.07
2/28/24 5:40,14.2
2/28/24 5:50,14.37
2/28/24 6:00,14.5
2/28/24 6:10,14.54
2/28/24 6:20,14.75
2/28/24 6:30,14.93
2/28/24 6:40,15.06
2/28/24 6:50,15.1
2/28/24 7:00,15.1
2/28/24 7:10,15.14
2/28/24 7:20,15.23
2/28/24 7:30,15.36
2/28/24 7:40,15.48
2/28/24 7:50,15.53
2/28/24 8:00,15.57
2/28/24 8:10,15.61
2/28/24 8:20,15.83
2/28/24 8:30,16.08
2/28/24 8:40,16.34
2/28/24 8:50,16.64
2/28/24 9:00,16.86
2/28/24 9:10,16.94
2/28/24 9:20,17.07
2/28/24 9:30,17.29
2/28/24 9:40,17.59
2/28/24 9:50,17.84
2/28/24 10:00,17.93
2/28/24 10:10,17.76
2/28/24 10:20,17.8
2/28/24 10:30,17.93
2/28/24 10:40,18.19
2/28/24 10:50,18.36
2/28/24 11:00,18.23
2/28/24 11:10,18.36
2/28/24 11:20,18.23
2/28/24 11:30,18.32
2/28/24 11:40,18.62
2/28/24 11:50,18.19
2/28/24 12:00,17.89
2/28/24 12:10,17.67
2/28/24 12:20,17.54
2/28/24 12:30,17.41
2/28/24 12:40,16.21
2/28/24 12:50,15.4
2/28/24 13:00,15.27
2/28/24 13:10,15.01
2/28/24 13:20,14.97
2/28/24 13:30,14.97
2/28/24 13:40,14.84
2/28/24 13:50,14.8
2/28/24 14:00,14.97
2/28/24 14:10,15.06
2/28/24 14:20,14.97
2/28/24 14:30,14.75
2/28/24 14:40,14.63
2/28/24 14:50,14.54
2/28/24 15:00,14.41
2/28/24 15:10,14.28
2/28/24 15:20,14.33
2/28/24 15:30,14.41
2/28/24 15:40,14.54
2/28/24 15:50,14.58
2/28/24 16:00,14.63
2/28/24 16:10,14.71
2/28/24 16:20,14.67
2/28/24 16:30,14.58
2/28/24 16:40,14.5
2/28/24 16:50,14.54
2/28/24 17:00,14.63
2/28/24 17:10,14.71
2/28/24 17:20,15.01
2/28/24 17:30,14.58
2/28/24 17:40,14.15
2/28/24 17:50,13.98
2/28/24 18:00,13.6
2/28/24 18:10,12.95
2/28/24 18:20,11.75
2/28/24 18:30,11.02
2/28/24 18:40,9.82
2/28/24 18:50,9.14
2/28/24 19:00,8.96
2/28/24 19:10,8.66
2/28/24 19:20,8.32
2/28/24 19:30,8.06
2/28/24 19:40,7.72
2/28/24 19:50,7.29
2/28/24 20:00,6.73
2/28/24 20:10,6.26
2/28/24 20:20,6.13
2/28/24 20:30,5.79
2/28/24 20:40,5.32
2/28/24 20:50,5.1
2/28/24 21:00,4.93
2/28/24 21:10,4.67
2/28/24 21:20,4.5
2/28/24 21:30,4.29
2/28/24 21:40,4.03
2/28/24 21:50,3.64
2/28/24 22:00,3.34
2/28/24 22:10,3
2/28/24 22:20,2.79
2/28/24 22:30,2.61
2/28/24 22:40,2.4
2/28/24 22:50,2.36
2/28/24 23:00,2.19
2/28/24 23:10,1.97
2/28/24 23:20,2.06
2/28/24 23:30,1.97
2/28/24 23:40,1.63
2/28/24 23:50,1.28
2/29/24 0:00,1.2
2/29/24 0:10,0.94
2/29/24 0:20,0.86
2/29/24 0:30,0.64
2/29/24 0:40,0.51
2/29/24 0:50,0.38
2/29/24 1:00,0.3
2/29/24 1:10,0.08
2/29/24 1:20,-0.05
2/29/24 1:30,-0.13
2/29/24 1:40,-0.22
2/29/24 1:50,-0.3
2/29/24 2:00,-0.35
2/29/24 2:10,-0.52
2/29/24 2:20,-0.6
2/29/24 2:30,-0.73
2/29/24 2:40,-0.82
2/29/24 2:50,-0.86
2/29/24 3:00,-0.86
2/29/24 3:10,-0.9
2/29/24 3:20,-0.95
2/29/24 3:30,-1.03
2/29/24 3:40,-1.08
2/29/24 3:50,-1.12
2/29/24 4:00,-1.16
2/29/24 4:10,-1.25
2/29/24 4:20,-1.08
2/29/24 4:30,-1.12
2/29/24 4:40,-1.16
2/29/24 4:50,-1.2
2/29/24 5:00,-1.16
2/29/24 5:10,-1.12
2/29/24 5:20,-1.25
2/29/24 5:30,-1.25
2/29/24 5:40,-1.42
2/29/24 5:50,-1.46
2/29/24 6:00,-1.55
2/29/24 6:10,-1.59
2/29/24 6:20,-1.59
2/29/24 6:30,-1.68
2/29/24 6:40,-2.02
2/29/24 6:50,-2.15
2/29/24 7:00,-1.93
2/29/24 7:10,-1.89
2/29/24 7:20,-1.55
2/29/24 7:30,-1.46
2/29/24 7:40,-1.25
2/29/24 7:50,-0.95
2/29/24 8:00,-0.6
2/29/24 8:10,-0.35
2/29/24 8:20,-0.13
2/29/24 8:30,0.13
2/29/24 8:40,0.3
2/29/24 8:50,0.51
2/29/24 9:00,0.77
2/29/24 9:10,1.07
2/29/24 9:20,1.2
2/29/24 9:30,1.46
2/29/24 9:40,1.76
2/29/24 9:50,2.27
2/29/24 10:00,2.44
2/29/24 10:10,2.36
2/29/24 10:20,2.87
2/29/24 10:30,2.91
2/29/24 10:40,3.26
2/29/24 10:50,3.6
2/29/24 11:00,3.9
2/29/24 11:10,3.99
2/29/24 11:20,4.2
2/29/24 11:30,4.5
2/29/24 11:40,4.76
2/29/24 11:50,5.19
2/29/24 12:00,5.57
2/29/24 12:10,5.87
2/29/24 12:20,6.09
2/29/24 12:30,6.39
2/29/24 12:40,6.65
2/29/24 12:50,6.82
2/29/24 13:00,7.2
2/29/24 13:10,7.46
2/29/24 13:20,8.45
2/29/24 13:30,9.61
2/29/24 13:40,10.21
2/29/24 13:50,12.1
2/29/24 14:00,13.6
2/29/24 14:10,13.64
2/29/24 14:20,15.53
2/29/24 14:30,16.43
2/29/24 14:40,17.07
2/29/24 14:50,18.27
2/29/24 15:00,18.83
2/29/24 15:10,18.92
2/29/24 15:20,20.12
2/29/24 15:30,19.9
2/29/24 15:40,20.37
2/29/24 15:50,21.62
2/29/24 16:00,20.42
2/29/24 16:10,22.09
2/29/24 16:20,20.5
2/29/24 16:30,21.15
2/29/24 16:40,20.8
2/29/24 16:50,20.8
2/29/24 17:00,20.25
2/29/24 17:10,17.93
2/29/24 17:20,16.43
2/29/24 17:30,14.71
2/29/24 17:40,12.7
2/29/24 17:50,12.7
2/29/24 18:00,9.82
2/29/24 18:10,8.66
2/29/24 18:20,7.98
2/29/24 18:30,7.59
2/29/24 18:40,7.33
2/29/24 18:50,7.16
2/29/24 19:00,6.82
2/29/24 19:10,6.65
2/29/24 19:20,6.26
2/29/24 19:30,6.05
2/29/24 19:40,5.92
2/29/24 19:50,5.49
2/29/24 20:00,5.36
2/29/24 20:10,5.19
2/29/24 20:20,4.84
2/29/24 20:30,4.76
2/29/24 20:40,4.5
2/29/24 20:50,4.37
2/29/24 21:00,4.07
2/29/24 21:10,3.82
2/29/24 21:20,3.56
2/29/24 21:30,3.43
2/29/24 21:40,3.26
2/29/24 21:50,3.26
2/29/24 22:00,3.04
2/29/24 22:10,2.96
2/29/24 22:20,2.91
2/29/24 22:30,2.83
2/29/24 22:40,2.61
2/29/24 22:50,2.4
2/29/24 23:00,2.31
2/29/24 23:10,2.14
2/29/24 23:20,1.8
2/29/24 23:30,1.67
2/29/24 23:40,1.63
2/29/24 23:50,1.37
3/1/24 0:00,1.24
3/1/24 0:10,1.11
3/1/24 0:20,0.86
3/1/24 0:30,0.86
3/1/24 0:40,0.55
3/1/24 0:50,0.38
3/1/24 1:00,0.43
3/1/24 1:10,0.43
3/1/24 1:20,0.25
3/1/24 1:30,0.04
3/1/24 1:40,-0.05
3/1/24 1:50,-0.05
3/1/24 2:00,-0.26
3/1/24 2:10,-0.17
3/1/24 2:20,-0.35
3/1/24 2:30,-0.47
3/1/24 2:40,-0.52
3/1/24 2:50,-0.77
3/1/24 3:00,-0.95
3/1/24 3:10,-1.08
3/1/24 3:20,-1.08
3/1/24 3:30,-1.2
3/1/24 3:40,-1.38
3/1/24 3:50,-1.46
3/1/24 4:00,-1.55
3/1/24 4:10,-1.63
3/1/24 4:20,-1.72
3/1/24 4:30,-1.72
3/1/24 4:40,-1.72
3/1/24 4:50,-1.59
3/1/24 5:00,-1.63
3/1/24 5:10,-1.98
3/1/24 5:20,-2.02
3/1/24 5:30,-2.02
3/1/24 5:40,-2.06
3/1/24 5:50,-2.15
3/1/24 6:00,-2.32
3/1/24 6:10,-2.41
3/1/24 6:20,-2.28
3/1/24 6:30,-2.1
3/1/24 6:40,-2.28
3/1/24 6:50,-2.53
3/1/24 7:00,-2.58
3/1/24 7:10,-2.32
3/1/24 7:20,-2.15
3/1/24 7:30,-1.98
3/1/24 7:40,-1.68
3/1/24 7:50,-1.25
3/1/24 8:00,-0.77
3/1/24 8:10,-0.56
3/1/24 8:20,-0.26
3/1/24 8:30,0.21
3/1/24 8:40,0.51
3/1/24 8:50,0.94
3/1/24 9:00,1.46
3/1/24 9:10,1.8
3/1/24 9:20,2.27
3/1/24 9:30,2.79
3/1/24 9:40,3.26
3/1/24 9:50,3.56
3/1/24 10:00,4.03
3/1/24 10:10,4.37
3/1/24 10:20,4.8
3/1/24 10:30,5.19
3/1/24 10:40,5.57
3/1/24 10:50,6.22
3/1/24 11:00,6.86
3/1/24 11:10,6.95
3/1/24 11:20,7.12
3/1/24 11:30,7.5
3/1/24 11:40,7.98
3/1/24 11:50,8.32
3/1/24 12:00,8.58
3/1/24 12:10,9.05
3/1/24 12:20,9.44
3/1/24 12:30,9.82
3/1/24 12:40,10.42
3/1/24 12:50,11.02
3/1/24 13:00,10.81
3/1/24 13:10,10.64
3/1/24 13:20,11.15
3/1/24 13:30,11.32
3/1/24 13:40,11.75
3/1/24 13:50,11.84
3/1/24 14:00,11.28
3/1/24 14:10,11.07
3/1/24 14:20,11.15
3/1/24 14:30,10.89
3/1/24 14:40,10.51
3/1/24 14:50,10.16
3/1/24 15:00,9.91
3/1/24 15:10,9.74
3/1/24 15:20,9.56
3/1/24 15:30,9.44
3/1/24 15:40,9.22
3/1/24 15:50,9.18
3/1/24 16:00,9.05
3/1/24 16:10,9.05
3/1/24 16:20,8.92
3/1/24 16:30,8.88
3/1/24 16:40,8.66
3/1/24 16:50,8.19
3/1/24 17:00,7.85
3/1/24 17:10,7.55
3/1/24 17:20,7.29
3/1/24 17:30,6.95
3/1/24 17:40,6.73
3/1/24 17:50,6.69
3/1/24 18:00,6.39
3/1/24 18:10,6.26
3/1/24 18:20,6.09
3/1/24 18:30,6
3/1/24 18:40,5.96
3/1/24 18:50,5.92
3/1/24 19:00,5.92
3/1/24 19:10,6
3/1/24 19:20,5.96
3/1/24 19:30,5.62
3/1/24 19:40,5.45
3/1/24 19:50,5.32
3/1/24 20:00,5.32
3/1/24 20:10,5.15
3/1/24 20:20,5.19
3/1/24 20:30,5.02
3/1/24 20:40,4.97
3/1/24 20:50,5.02
3/1/24 21:00,5.1
3/1/24 21:10,5.02
3/1/24 21:20,5.1
3/1/24 21:30,5.02
3/1/24 21:40,5.02
3/1/24 21:50,5.06
3/1/24 22:00,5.06
3/1/24 22:10,5.45
3/1/24 22:20,5.19
3/1/24 22:30,5.1
3/1/24 22:40,5.15
3/1/24 22:50,5.06
3/1/24 23:00,4.93
3/1/24 23:10,5.06
3/1/24 23:20,5.23
3/1/24 23:30,5.19
3/1/24 23:40,5.1
3/1/24 23:50,5.15
3/2/24 0:00,5.1
3/2/24 0:10,5.15
3/2/24 0:20,5.1
3/2/24 0:30,5.02
3/2/24 0:40,4.93
3/2/24 0:50,4.93
3/2/24 1:00,4.8
3/2/24 1:10,4.84
3/2/24 1:20,4.93
3/2/24 1:30,4.89
3/2/24 1:40,4.93
3/2/24 1:50,5.1
3/2/24 2:00,5.15
3/2/24 2:10,5.1
3/2/24 2:20,5.19
3/2/24 2:30,5.1
3/2/24 2:40,5.15
3/2/24 2:50,5.23
3/2/24 3:00,5.23
3/2/24 3:10,5.32
3/2/24 3:20,5.4
3/2/24 3:30,5.49
3/2/24 3:40,5.57
3/2/24 3:50,5.66
3/2/24 4:00,5.79
3/2/24 4:10,5.83
3/2/24 4:20,5.87
3/2/24 4:30,5.87
3/2/24 4:40,5.96
3/2/24 4:50,6.05
3/2/24 5:00,5.79
3/2/24 5:10,5.45
3/2/24 5:20,5.19
3/2/24 5:30,5.15
3/2/24 5:40,5.1
3/2/24 5:50,4.97
3/2/24 6:00,5.02
3/2/24 6:10,4.93
3/2/24 6:20,4.93
3/2/24 6:30,4.8
3/2/24 6:40,4.76
3/2/24 6:50,4.72
3/2/24 7:00,4.76
3/2/24 7:10,4.76
3/2/24 7:20,4.8
3/2/24 7:30,4.84
3/2/24 7:40,4.97
3/2/24 7:50,5.23
3/2/24 8:00,5.19
3/2/24 8:10,5.4
3/2/24 8:20,5.57
3/2/24 8:30,5.87
3/2/24 8:40,6.13
3/2/24 8:50,6.69
3/2/24 9:00,7.33
3/2/24 9:10,7.2
3/2/24 9:20,7.12
3/2/24 9:30,7.16
3/2/24 9:40,7.72
3/2/24 9:50,7.85
3/2/24 10:00,8.11
3/2/24 10:10,8.32
3/2/24 10:20,8.83
3/2/24 10:30,9.44
3/2/24 10:40,9.69
3/2/24 10:50,10.38
3/2/24 11:00,10.68
3/2/24 11:10,11.07
3/2/24 11:20,11.28
3/2/24 11:30,11.11
3/2/24 11:40,11.67
3/2/24 11:50,11.75
3/2/24 12:00,11.97
3/2/24 12:10,12.95
3/2/24 12:20,12.87
3/2/24 12:30,13.43
3/2/24 12:40,13.77
3/2/24 12:50,13.94
3/2/24 13:00,13.51
3/2/24 13:10,13
3/2/24 13:20,13.73
3/2/24 13:30,15.31
3/2/24 13:40,15.87
3/2/24 13:50,18.53
3/2/24 14:00,21.83
3/2/24 14:10,24.71
3/2/24 14:20,22.99
3/2/24 14:30,22.01
3/2/24 14:40,22.39
3/2/24 14:50,25.44
3/2/24 15:00,26.9
3/2/24 15:10,26.72
3/2/24 15:20,24.49
3/2/24 15:30,25.61
3/2/24 15:40,25.82
3/2/24 15:50,25.22
3/2/24 16:00,25.48
3/2/24 16:10,25.52
3/2/24 16:20,24.49
3/2/24 16:30,23.89
3/2/24 16:40,23.12
3/2/24 16:50,22.78
3/2/24 17:00,21.66
3/2/24 17:10,21.1
3/2/24 17:20,20.42
3/2/24 17:30,15.91
3/2/24 17:40,14.37
3/2/24 17:50,13.43
3/2/24 18:00,12.44
3/2/24 18:10,11.79
3/2/24 18:20,11.49
3/2/24 18:30,11.41
3/2/24 18:40,11.67
3/2/24 18:50,11.67
3/2/24 19:00,11.84
3/2/24 19:10,11.97
3/2/24 19:20,11.84
3/2/24 19:30,11.67
3/2/24 19:40,11.28
3/2/24 19:50,11.32
3/2/24 20:00,11.41
3/2/24 20:10,11.58
3/2/24 20:20,11.49
3/2/24 20:30,11.45
3/2/24 20:40,11.02
3/2/24 20:50,11.07
3/2/24 21:00,10.85
3/2/24 21:10,10.72
3/2/24 21:20,10.89
3/2/24 21:30,10.72
3/2/24 21:40,10.55
3/2/24 21:50,10.46
3/2/24 22:00,10.21
3/2/24 22:10,9.74
3/2/24 22:20,9.39
3/2/24 22:30,9.39
3/2/24 22:40,9.22
3/2/24 22:50,9.18
3/2/24 23:00,9.35
3/2/24 23:10,9.52
3/2/24 23:20,9.56
3/2/24 23:30,9.61
3/2/24 23:40,9.09
3/2/24 23:50,8.88
3/3/24 0:00,8.62
3/3/24 0:10,8.36
3/3/24 0:20,8.15
3/3/24 0:30,8.06
3/3/24 0:40,7.85
3/3/24 0:50,7.76
3/3/24 1:00,7.55
3/3/24 1:10,7.33
3/3/24 1:20,7.16
3/3/24 1:30,7.12
3/3/24 1:40,6.95
3/3/24 1:50,6.78
3/3/24 2:00,6.69
3/3/24 2:10,6.6
3/3/24 2:20,6.48
3/3/24 2:30,6.56
3/3/24 2:40,6.69
3/3/24 2:50,6.69
3/3/24 3:00,6.86
3/3/24 3:10,6.6
3/3/24 3:20,6.48
3/3/24 3:30,6.73
3/3/24 3:40,6.82
3/3/24 3:50,6.99
3/3/24 4:00,7.16
3/3/24 4:10,6.82
3/3/24 4:20,6.69
3/3/24 4:30,6.65
3/3/24 4:40,6.52
3/3/24 4:50,6.65
3/3/24 5:00,6.6
3/3/24 5:10,6.73
3/3/24 5:20,6.82
3/3/24 5:30,6.9
3/3/24 5:40,6.82
3/3/24 5:50,6.95
3/3/24 6:00,7.12
3/3/24 6:10,7.12
3/3/24 6:20,6.99
3/3/24 6:30,6.95
3/3/24 6:40,7.03
3/3/24 6:50,6.95
3/3/24 7:00,6.9
3/3/24 7:10,7.08
3/3/24 7:20,7.33
3/3/24 7:30,7.29
3/3/24 7:40,7.42
3/3/24 7:50,7.63
3/3/24 8:00,7.93
3/3/24 8:10,7.98
3/3/24 8:20,8.83
3/3/24 8:30,9.56
3/3/24 8:40,10.25
3/3/24 8:50,10.72
3/3/24 9:00,11.49
3/3/24 9:10,11.71
3/3/24 9:20,11.71
3/3/24 9:30,11.79
3/3/24 9:40,12.35
3/3/24 9:50,13.08
3/3/24 10:00,13.08
3/3/24 10:10,13.12
3/3/24 10:20,13.47
3/3/24 10:30,13.04
3/3/24 10:40,12.91
3/3/24 10:50,12.61
3/3/24 11:00,12.4
3/3/24 11:10,12.44
3/3/24 11:20,12.35
3/3/24 11:30,12.74
3/3/24 11:40,13.08
3/3/24 11:50,13.43
3/3/24 12:00,13.51
3/3/24 12:10,14.54
3/3/24 12:20,14.97
3/3/24 12:30,15.61
3/3/24 12:40,15.87
3/3/24 12:50,16.43
3/3/24 13:00,16.47
3/3/24 13:10,16.86
3/3/24 13:20,15.96
3/3/24 13:30,14.97
3/3/24 13:40,14.84
3/3/24 13:50,15.1
3/3/24 14:00,15.36
3/3/24 14:10,15.4
3/3/24 14:20,16.56
3/3/24 14:30,17.59
3/3/24 14:40,20.85
3/3/24 14:50,20.63
3/3/24 15:00,25.05
3/3/24 15:10,25.05
3/3/24 15:20,26.42
3/3/24 15:30,26.68
3/3/24 15:40,24.19
3/3/24 15:50,24.58
3/3/24 16:00,19.39
3/3/24 16:10,18.87
3/3/24 16:20,20.33
3/3/24 16:30,24.19
3/3/24 16:40,23.72
3/3/24 16:50,20.5
3/3/24 17:00,22.69
3/3/24 17:10,22.73
3/3/24 17:20,22.01
3/3/24 17:30,20.89
3/3/24 17:40,20.2
3/3/24 17:50,18.02
3/3/24 18:00,16.13
3/3/24 18:10,15.18
3/3/24 18:20,14.67
3/3/24 18:30,14.45
3/3/24 18:40,14.37
3/3/24 18:50,14.45
3/3/24 19:00,14.37
3/3/24 19:10,14.15
3/3/24 19:20,14.11
3/3/24 19:30,14.03
3/3/24 19:40,13.81
3/3/24 19:50,13.68
3/3/24 20:00,13.47
3/3/24 20:10,13.25
3/3/24 20:20,13.08
3/3/24 20:30,12.95
3/3/24 20:40,12.61
3/3/24 20:50,12.61
3/3/24 21:00,12.31
3/3/24 21:10,11.97
3/3/24 21:20,11.75
3/3/24 21:30,11.75
3/3/24 21:40,11.71
3/3/24 21:50,11.62
3/3/24 22:00,11.49
3/3/24 22:10,11.37
3/3/24 22:20,11.28
3/3/24 22:30,11.24
3/3/24 22:40,11.11
3/3/24 22:50,11.02
3/3/24 23:00,10.77
3/3/24 23:10,10.51
3/3/24 23:20,10.12
3/3/24 23:30,9.99
3/3/24 23:40,9.86
3/3/24 23:50,9.78
3/4/24 0:00,9.65
3/4/24 0:10,9.52
3/4/24 0:20,9.18
3/4/24 0:30,8.88
3/4/24 0:40,8.58
3/4/24 0:50,8.45
3/4/24 1:00,8.19
3/4/24 1:10,8.23
3/4/24 1:20,8.06
3/4/24 1:30,7.93
3/4/24 1:40,7.85
3/4/24 1:50,7.63
3/4/24 2:00,7.42
3/4/24 2:10,7.42
3/4/24 2:20,7.38
3/4/24 2:30,7.29
3/4/24 2:40,7.12
3/4/24 2:50,7.16
3/4/24 3:00,7.2
3/4/24 3:10,6.95
3/4/24 3:20,6.86
3/4/24 3:30,6.78
3/4/24 3:40,6.65
3/4/24 3:50,6.6
3/4/24 4:00,6.43
3/4/24 4:10,6.09
3/4/24 4:20,5.96
3/4/24 4:30,6.13
3/4/24 4:40,5.92
3/4/24 4:50,5.75
3/4/24 5:00,5.75
3/4/24 5:10,5.62
3/4/24 5:20,5.53
3/4/24 5:30,5.23
3/4/24 5:40,5.1
3/4/24 5:50,5.1
3/4/24 6:00,5.32
3/4/24 6:10,5.36
3/4/24 6:20,5.4
3/4/24 6:30,5.53
3/4/24 6:40,5.53
3/4/24 6:50,5.7
3/4/24 7:00,5.57
3/4/24 7:10,5.75
3/4/24 7:20,5.83
3/4/24 7:30,6.35
3/4/24 7:40,6.78
3/4/24 7:50,7.29
3/4/24 8:00,7.89
3/4/24 8:10,8.41
3/4/24 8:20,8.83
3/4/24 8:30,9.78
3/4/24 8:40,10.98
3/4/24 8:50,11.45
3/4/24 9:00,12.18
3/4/24 9:10,12.18
3/4/24 9:20,11.97
3/4/24 9:30,12.01
3/4/24 9:40,12.22
3/4/24 9:50,12.65
3/4/24 10:00,13.3
3/4/24 10:10,13.9
3/4/24 10:20,14.54
3/4/24 10:30,14.97
3/4/24 10:40,15.4
3/4/24 10:50,15.7
3/4/24 11:00,15.96
3/4/24 11:10,16.26
3/4/24 11:20,16.6
3/4/24 11:30,17.07
3/4/24 11:40,17.89
3/4/24 11:50,19.39
3/4/24 12:00,20.8
3/4/24 12:10,20.93
3/4/24 12:20,20.8
3/4/24 12:30,21.23
3/4/24 12:40,20.8
3/4/24 12:50,20.93
3/4/24 13:00,21.02
3/4/24 13:10,21.66
3/4/24 13:20,24.32
3/4/24 13:30,27.07
3/4/24 13:40,29.64
3/4/24 13:50,27.2
3/4/24 14:00,29.77
3/4/24 14:10,29.51
3/4/24 14:20,27.37
3/4/24 14:30,29.13
3/4/24 14:40,31.44
3/4/24 14:50,31.27
3/4/24 15:00,25.61
3/4/24 15:10,23.59
3/4/24 15:20,25.22
3/4/24 15:30,25.61
3/4/24 15:40,25.22
3/4/24 15:50,25.09
3/4/24 16:00,25.35
3/4/24 16:10,25.22
3/4/24 16:20,24.84
3/4/24 16:30,24.66
3/4/24 16:40,23.94
3/4/24 16:50,22.35
3/4/24 17:00,21.1
3/4/24 17:10,20.93
3/4/24 17:20,21.45
3/4/24 17:30,19.6
3/4/24 17:40,18.32
3/4/24 17:50,18.14
3/4/24 18:00,17.33
3/4/24 18:10,16.6
3/4/24 18:20,16.17
3/4/24 18:30,15.87
3/4/24 18:40,15.66
3/4/24 18:50,15.53
3/4/24 19:00,15.57
3/4/24 19:10,15.7
3/4/24 19:20,15.7
3/4/24 19:30,15.83
3/4/24 19:40,15.91
3/4/24 19:50,15.66
3/4/24 20:00,15.53
3/4/24 20:10,15.48
3/4/24 20:20,15.53
3/4/24 20:30,15.53
3/4/24 20:40,15.4
3/4/24 20:50,15.4
3/4/24 21:00,15.31
3/4/24 21:10,15.27
3/4/24 21:20,15.1
3/4/24 21:30,15.01
3/4/24 21:40,14.88
3/4/24 21:50,14.71
3/4/24 22:00,14.58
3/4/24 22:10,14.45
3/4/24 22:20,14.41
3/4/24 22:30,14.41
3/4/24 22:40,14.37
3/4/24 22:50,14.28
3/4/24 23:00,14.07
3/4/24 23:10,13.81
3/4/24 23:20,13.6
3/4/24 23:30,13.43
3/4/24 23:40,13.3
3/4/24 23:50,13.21
3/5/24 0:00,13.25
3/5/24 0:10,13.3
3/5/24 0:20,13.25
3/5/24 0:30,13.21
3/5/24 0:40,13.08
3/5/24 0:50,13
3/5/24 1:00,12.95
3/5/24 1:10,12.82
3/5/24 1:20,12.61
3/5/24 1:30,12.48
3/5/24 1:40,12.44
3/5/24 1:50,12.4
3/5/24 2:00,12.31
3/5/24 2:10,12.14
3/5/24 2:20,12.1
3/5/24 2:30,12.05
3/5/24 2:40,11.97
3/5/24 2:50,11.71
3/5/24 3:00,11.67
3/5/24 3:10,11.67
3/5/24 3:20,11.62
3/5/24 3:30,11.58
3/5/24 3:40,11.54
3/5/24 3:50,11.41
3/5/24 4:00,11.37
3/5/24 4:10,11.24
3/5/24 4:20,11.19
3/5/24 4:30,11.19
3/5/24 4:40,11.07
3/5/24 4:50,10.89
3/5/24 5:00,10.85
3/5/24 5:10,10.81
3/5/24 5:20,10.77
3/5/24 5:30,10.64
3/5/24 5:40,10.59
3/5/24 5:50,10.38
3/5/24 6:00,10.16
3/5/24 6:10,10.08
3/5/24 6:20,10.12
3/5/24 6:30,10.08
3/5/24 6:40,10.04
3/5/24 6:50,10.04
3/5/24 7:00,10.04
3/5/24 7:10,10.16
3/5/24 7:20,10.21
3/5/24 7:30,10.34
3/5/24 7:40,10.55
3/5/24 7:50,10.77
3/5/24 8:00,11.19
3/5/24 8:10,11.62
3/5/24 8:20,11.75
3/5/24 8:30,12.1
3/5/24 8:40,12.35
3/5/24 8:50,12.61
3/5/24 9:00,12.87
3/5/24 9:10,13.08
3/5/24 9:20,13.21
3/5/24 9:30,13.47
3/5/24 9:40,13.9
3/5/24 9:50,14.54
3/5/24 10:00,14.8
3/5/24 10:10,15.01
3/5/24 10:20,15.48
3/5/24 10:30,15.83
3/5/24 10:40,16.08
3/5/24 10:50,15.91
3/5/24 11:00,15.7
3/5/24 11:10,16.69
3/5/24 11:20,16.86
3/5/24 11:30,16.56
3/5/24 11:40,16.69
3/5/24 11:50,16.81
3/5/24 12:00,17.63
3/5/24 12:10,17.46
3/5/24 12:20,17.07
3/5/24 12:30,17.59
3/5/24 12:40,17.29
3/5/24 12:50,20.03
3/5/24 13:00,19.43
3/5/24 13:10,19.95
3/5/24 13:20,25.82
3/5/24 13:30,26.51
3/5/24 13:40,25.78
3/5/24 13:50,26.85
3/5/24 14:00,28.31
3/5/24 14:10,23.64
3/5/24 14:20,23.38
3/5/24 14:30,24.11
3/5/24 14:40,26.77
3/5/24 14:50,30.54
3/5/24 15:00,31.06
3/5/24 15:10,30.59
3/5/24 15:20,31.31
3/5/24 15:30,32.43
3/5/24 15:40,30.76
3/5/24 15:50,27.37
3/5/24 16:00,29.64
3/5/24 16:10,27.63
3/5/24 16:20,28.53
3/5/24 16:30,24.49
3/5/24 16:40,22.48
3/5/24 16:50,22.43
3/5/24 17:00,21.79
3/5/24 17:10,21.06
3/5/24 17:20,20.46
3/5/24 17:30,20.07
3/5/24 17:40,19.43
3/5/24 17:50,18.79
3/5/24 18:00,18.23
3/5/24 18:10,17.8
3/5/24 18:20,17.41
3/5/24 18:30,17.11
3/5/24 18:40,16.86
3/5/24 18:50,16.6
3/5/24 19:00,16.39
3/5/24 19:10,16.26
3/5/24 19:20,16.13
3/5/24 19:30,16.13
3/5/24 19:40,16
3/5/24 19:50,15.83
3/5/24 20:00,15.83
3/5/24 20:10,15.61
3/5/24 20:20,15.48
3/5/24 20:30,15.4
3/5/24 20:40,15.23
3/5/24 20:50,15.1
3/5/24 21:00,14.88
3/5/24 21:10,14.8
3/5/24 21:20,14.63
3/5/24 21:30,14.54
3/5/24 21:40,14.58
3/5/24 21:50,14.5
3/5/24 22:00,14.24
3/5/24 22:10,13.98
3/5/24 22:20,13.94
3/5/24 22:30,13.9
3/5/24 22:40,13.85
3/5/24 22:50,13.81
3/5/24 23:00,13.73
3/5/24 23:10,13.6
3/5/24 23:20,13.51
3/5/24 23:30,13.43
3/5/24 23:40,13.47
3/5/24 23:50,13.43
3/6/24 0:00,13.3
3/6/24 0:10,13.25
3/6/24 0:20,13.25
3/6/24 0:30,13.17
3/6/24 0:40,13
3/6/24 0:50,12.87
3/6/24 1:00,12.78
3/6/24 1:10,12.82
3/6/24 1:20,12.74
3/6/24 1:30,12.7
3/6/24 1:40,12.74
3/6/24 1:50,12.74
3/6/24 2:00,12.7
3/6/24 2:10,12.61
3/6/24 2:20,12.48
3/6/24 2:30,12.4
3/6/24 2:40,12.35
3/6/24 2:50,12.31
3/6/24 3:00,12.27
3/6/24 3:10,12.18
3/6/24 3:20,12.18
3/6/24 3:30,12.1
3/6/24 3:40,12.05
3/6/24 3:50,12.1
3/6/24 4:00,12.05
3/6/24 4:10,12.22
3/6/24 4:20,12.14
3/6/24 4:30,12.18
3/6/24 4:40,12.18
3/6/24 4:50,12.18
3/6/24 5:00,12.1
3/6/24 5:10,11.97
3/6/24 5:20,11.71
3/6/24 5:30,11.67
3/6/24 5:40,11.67
3/6/24 5:50,11.62
3/6/24 6:00,11.45
3/6/24 6:10,11.24
3/6/24 6:20,11.19
3/6/24 6:30,11.11
3/6/24 6:40,11.19
3/6/24 6:50,11.24
3/6/24 7:00,11.32
3/6/24 7:10,11.37
3/6/24 7:20,11.58
3/6/24 7:30,11.75
3/6/24 7:40,11.71
3/6/24 7:50,11.75
3/6/24 8:00,12.05
3/6/24 8:10,12.22
3/6/24 8:20,12.4
3/6/24 8:30,12.78
3/6/24 8:40,13.34
3/6/24 8:50,13.77
3/6/24 9:00,14.15
3/6/24 9:10,14.5
3/6/24 9:20,14.84
3/6/24 9:30,14.97
3/6/24 9:40,15.31
3/6/24 9:50,15.57
3/6/24 10:00,16
3/6/24 10:10,16.43
3/6/24 10:20,16.64
3/6/24 10:30,16.94
3/6/24 10:40,16.64
3/6/24 10:50,16.86
3/6/24 11:00,16.94
3/6/24 11:10,17.29
3/6/24 11:20,17.46
3/6/24 11:30,17.41
3/6/24 11:40,17.16
3/6/24 11:50,16.94
3/6/24 12:00,17.37
3/6/24 12:10,17.2
3/6/24 12:20,17.63
3/6/24 12:30,17.2
3/6/24 12:40,16.94
3/6/24 12:50,16.69
3/6/24 13:00,16.69
3/6/24 13:10,17.07
3/6/24 13:20,17.29
3/6/24 13:30,17.37
3/6/24 13:40,17.2
3/6/24 13:50,16.81
3/6/24 14:00,16.43
3/6/24 14:10,16.13
3/6/24 14:20,16
3/6/24 14:30,16.13
3/6/24 14:40,16.39
3/6/24 14:50,16.51
3/6/24 15:00,15.7
3/6/24 15:10,15.61
3/6/24 15:20,15.27
3/6/24 15:30,14.93
3/6/24 15:40,14.71
3/6/24 15:50,14.41
3/6/24 16:00,14.37
3/6/24 16:10,14.24
3/6/24 16:20,13.9
3/6/24 16:30,13.38
3/6/24 16:40,13.08
3/6/24 16:50,12.91
3/6/24 17:00,12.57
3/6/24 17:10,12.57
3/6/24 17:20,12.35
3/6/24 17:30,12.35
3/6/24 17:40,12.1
3/6/24 17:50,11.97
3/6/24 18:00,11.79
3/6/24 18:10,11.84
3/6/24 18:20,11.84
3/6/24 18:30,11.79
3/6/24 18:40,11.67
3/6/24 18:50,11.58
3/6/24 19:00,11.54
3/6/24 19:10,11.54
3/6/24 19:20,11.49
3/6/24 19:30,11.45
3/6/24 19:40,11.37
3/6/24 19:50,11.32
3/6/24 20:00,11.28
3/6/24 20:10,11.37
3/6/24 20:20,11.37
3/6/24 20:30,11.45
3/6/24 20:40,11.28
3/6/24 20:50,11.28
3/6/24 21:00,11.19
3/6/24 21:10,11.15
3/6/24 21:20,11.11
3/6/24 21:30,11.07
3/6/24 21:40,11.07
3/6/24 21:50,11.11
3/6/24 22:00,11.11
3/6/24 22:10,11.11
3/6/24 22:20,11.11
3/6/24 22:30,11.07
3/6/24 22:40,10.98
3/6/24 22:50,10.85
3/6/24 23:00,10.68
3/6/24 23:10,10.64
3/6/24 23:20,10.68
3/6/24 23:30,10.72
3/6/24 23:40,10.68
3/6/24 23:50,10.68
3/7/24 0:00,10.72
3/7/24 0:10,10.68
3/7/24 0:20,10.72
3/7/24 0:30,10.77
3/7/24 0:40,10.77
3/7/24 0:50,10.64
3/7/24 1:00,10.59
3/7/24 1:10,10.59
3/7/24 1:20,10.55
3/7/24 1:30,10.55
3/7/24 1:40,10.64
3/7/24 1:50,10.59
3/7/24 2:00,10.55
3/7/24 2:10,10.46
3/7/24 2:20,10.42
3/7/24 2:30,10.38
3/7/24 2:40,10.46
3/7/24 2:50,10.34
3/7/24 3:00,10.29
3/7/24 3:10,10.21
3/7/24 3:20,10.12
3/7/24 3:30,9.99
3/7/24 3:40,9.78
3/7/24 3:50,9.82
3/7/24 4:00,9.78
3/7/24 4:10,9.69
3/7/24 4:20,9.61
3/7/24 4:30,9.69
3/7/24 4:40,9.69
3/7/24 4:50,9.56
3/7/24 5:00,9.65
3/7/24 5:10,9.65
3/7/24 5:20,9.65
3/7/24 5:30,9.69
3/7/24 5:40,9.65
3/7/24 5:50,9.74
3/7/24 6:00,9.74
3/7/24 6:10,9.78
3/7/24 6:20,9.78
3/7/24 6:30,9.74
3/7/24 6:40,9.78
3/7/24 6:50,9.91
3/7/24 7:00,10.08
3/7/24 7:10,10.12
3/7/24 7:20,10.42
3/7/24 7:30,10.59
3/7/24 7:40,10.81
3/7/24 7:50,10.98
3/7/24 8:00,11.19
3/7/24 8:10,11.15
3/7/24 8:20,11.28
3/7/24 8:30,11.62
3/7/24 8:40,11.84
3/7/24 8:50,12.27
3/7/24 9:00,12.78
3/7/24 9:10,12.61
3/7/24 9:20,12.91
3/7/24 9:30,13.17
3/7/24 9:40,13.34
3/7/24 9:50,13.81
3/7/24 10:00,14.33
3/7/24 10:10,14.67
3/7/24 10:20,15.31
3/7/24 10:30,16.56
3/7/24 10:40,16.17
3/7/24 10:50,16.04
3/7/24 11:00,16.77
3/7/24 11:10,16.9
3/7/24 11:20,17.33
3/7/24 11:30,16.94
3/7/24 11:40,17.11
3/7/24 11:50,17.59
3/7/24 12:00,18.57
3/7/24 12:10,18.4
3/7/24 12:20,19.17
3/7/24 12:30,18.62
3/7/24 12:40,18.4
3/7/24 12:50,19.09
3/7/24 13:00,19.22
3/7/24 13:10,19.86
3/7/24 13:20,24.49
3/7/24 13:30,20.16
3/7/24 13:40,20.59
3/7/24 13:50,19.43
3/7/24 14:00,19.22
3/7/24 14:10,22.09
3/7/24 14:20,24.88
3/7/24 14:30,25.14
3/7/24 14:40,21.32
3/7/24 14:50,20.33
3/7/24 15:00,23.46
3/7/24 15:10,26.21
3/7/24 15:20,26.47
3/7/24 15:30,29.68
3/7/24 15:40,30.37
3/7/24 15:50,30.33
3/7/24 16:00,29.26
3/7/24 16:10,29.26
3/7/24 16:20,29.04
3/7/24 16:30,28.74
3/7/24 16:40,28.61
3/7/24 16:50,27.75
3/7/24 17:00,27.28
3/7/24 17:10,26.64
3/7/24 17:20,25.65
3/7/24 17:30,25.09
3/7/24 17:40,23.51
3/7/24 17:50,21.4
3/7/24 18:00,19.39
3/7/24 18:10,17.5
3/7/24 18:20,16.69
3/7/24 18:30,16.26
3/7/24 18:40,15.7
3/7/24 18:50,15.36
3/7/24 19:00,15.1
3/7/24 19:10,14.67
3/7/24 19:20,14.11
3/7/24 19:30,14.11
3/7/24 19:40,13.98
3/7/24 19:50,13.68
3/7/24 20:00,13.38
3/7/24 20:10,13.17
3/7/24 20:20,12.65
3/7/24 20:30,12.57
3/7/24 20:40,12.35
3/7/24 20:50,12.1
3/7/24 21:00,11.84
3/7/24 21:10,11.67
3/7/24 21:20,11.67
3/7/24 21:30,11.54
3/7/24 21:40,11.28
3/7/24 21:50,11.07
3/7/24 22:00,11.11
3/7/24 22:10,11.02
3/7/24 22:20,10.94
3/7/24 22:30,10.85
3/7/24 22:40,10.68
3/7/24 22:50,10.72
3/7/24 23:00,10.59
3/7/24 23:10,10.46
3/7/24 23:20,10.29
3/7/24 23:30,10.21
3/7/24 23:40,9.95
3/7/24 23:50,9.69
3/8/24 0:00,9.44
3/8/24 0:10,9.39
3/8/24 0:20,9.22
3/8/24 0:30,9.26
3/8/24 0:40,9.26
3/8/24 0:50,9.31
3/8/24 1:00,9.48
3/8/24 1:10,9.39
3/8/24 1:20,9.44
3/8/24 1:30,9.65
3/8/24 1:40,9.91
3/8/24 1:50,10.12
3/8/24 2:00,10.08
3/8/24 2:10,9.99
3/8/24 2:20,9.91
3/8/24 2:30,9.74
3/8/24 2:40,9.48
3/8/24 2:50,9.44
3/8/24 3:00,9.18
3/8/24 3:10,8.96
3/8/24 3:20,8.83
3/8/24 3:30,8.79
3/8/24 3:40,8.53
3/8/24 3:50,8.62
3/8/24 4:00,8.36
3/8/24 4:10,8.28
3/8/24 4:20,8.45
3/8/24 4:30,8.66
3/8/24 4:40,8.66
3/8/24 4:50,8.75
3/8/24 5:00,8.75
3/8/24 5:10,8.62
3/8/24 5:20,8.58
3/8/24 5:30,8.49
3/8/24 5:40,8.49
3/8/24 5:50,8.45
3/8/24 6:00,8.41
3/8/24 6:10,8.45
3/8/24 6:20,8.45
3/8/24 6:30,8.32
3/8/24 6:40,8.28
3/8/24 6:50,8.19
3/8/24 7:00,8.15
3/8/24 7:10,8.19
3/8/24 7:20,8.49
3/8/24 7:30,8.79
3/8/24 7:40,8.92
3/8/24 7:50,9.18
3/8/24 8:00,9.44
3/8/24 8:10,9.74
3/8/24 8:20,9.99
3/8/24 8:30,10.16
3/8/24 8:40,10.85
3/8/24 8:50,11.62
3/8/24 9:00,11.54
3/8/24 9:10,11.41
3/8/24 9:20,12.31
3/8/24 9:30,12.61
3/8/24 9:40,12.95
3/8/24 9:50,13.77
3/8/24 10:00,13.85
3/8/24 10:10,14.11
3/8/24 10:20,14.2
3/8/24 10:30,14.37
3/8/24 10:40,14.88
3/8/24 10:50,14.97
3/8/24 11:00,15.18
3/8/24 11:10,15.78
3/8/24 11:20,15.7
3/8/24 11:30,16.47
3/8/24 11:40,16.3
3/8/24 11:50,15.87
3/8/24 12:00,15.66
3/8/24 12:10,16.08
3/8/24 12:20,17.24
3/8/24 12:30,17.37
3/8/24 12:40,17.93
3/8/24 12:50,18.27
3/8/24 13:00,19.05
3/8/24 13:10,19.47
3/8/24 13:20,22.09
3/8/24 13:30,21.62
3/8/24 13:40,19.69
3/8/24 13:50,20.2
3/8/24 14:00,20.25
3/8/24 14:10,18.83
3/8/24 14:20,18.4
3/8/24 14:30,18.7
3/8/24 14:40,18.7
3/8/24 14:50,18.19
3/8/24 15:00,17.76
3/8/24 15:10,17.59
3/8/24 15:20,17.59
3/8/24 15:30,17.37
3/8/24 15:40,17.59
3/8/24 15:50,18.4
3/8/24 16:00,18.74
3/8/24 16:10,18.06
3/8/24 16:20,17.11
3/8/24 16:30,16.34
3/8/24 16:40,16.13
3/8/24 16:50,15.74
3/8/24 17:00,15.4
3/8/24 17:10,15.1
3/8/24 17:20,14.88
3/8/24 17:30,14.84
3/8/24 17:40,14.54
3/8/24 17:50,14.24
3/8/24 18:00,14.07
3/8/24 18:10,13.98
3/8/24 18:20,13.85
3/8/24 18:30,13.73
3/8/24 18:40,13.77
3/8/24 18:50,13.77
3/8/24 19:00,13.68
3/8/24 19:10,13.6
3/8/24 19:20,13.47
3/8/24 19:30,13.43
3/8/24 19:40,13.3
3/8/24 19:50,13.17
3/8/24 20:00,13.21
3/8/24 20:10,13.17
3/8/24 20:20,13.04
3/8/24 20:30,12.95
3/8/24 20:40,12.78
3/8/24 20:50,12.65
3/8/24 21:00,12.57
3/8/24 21:10,12.4
3/8/24 21:20,12.27
3/8/24 21:30,12.22
3/8/24 21:40,12.14
3/8/24 21:50,11.97
3/8/24 22:00,11.84
3/8/24 22:10,11.75
3/8/24 22:20,11.71
3/8/24 22:30,11.67
3/8/24 22:40,11.67
3/8/24 22:50,11.54
3/8/24 23:00,11.32
3/8/24 23:10,11.07
3/8/24 23:20,10.85
3/8/24 23:30,10.77
3/8/24 23:40,10.51
3/8/24 23:50,10.12
3/9/24 0:00,9.78
3/9/24 0:10,9.56
3/9/24 0:20,9.26
3/9/24 0:30,9.09
3/9/24 0:40,9.14
3/9/24 0:50,8.92
3/9/24 1:00,8.83
3/9/24 1:10,8.66
3/9/24 1:20,8.66
3/9/24 1:30,8.53
3/9/24 1:40,8.53
3/9/24 1:50,8.41
3/9/24 2:00,8.36
3/9/24 2:10,8.32
3/9/24 2:20,8.28
3/9/24 2:30,8.11
3/9/24 2:40,7.93
3/9/24 2:50,7.85
3/9/24 3:00,7.76
3/9/24 3:10,7.68
3/9/24 3:20,7.72
3/9/24 3:30,7.55
3/9/24 3:40,7.38
3/9/24 3:50,7.16
3/9/24 4:00,7.12
3/9/24 4:10,7.12
3/9/24 4:20,7.08
3/9/24 4:30,6.86
3/9/24 4:40,6.78
3/9/24 4:50,6.69
3/9/24 5:00,6.6
3/9/24 5:10,6.6
3/9/24 5:20,6.6
3/9/24 5:30,6.48
3/9/24 5:40,6.52
3/9/24 5:50,6.52
3/9/24 6:00,6.48
3/9/24 6:10,6.43
3/9/24 6:20,6.48
3/9/24 6:30,6.52
3/9/24 6:40,6.43
3/9/24 6:50,6.43
3/9/24 7:00,6.39
3/9/24 7:10,6.3
3/9/24 7:20,6.3
3/9/24 7:30,6.35
3/9/24 7:40,6.39
3/9/24 7:50,6.56
3/9/24 8:00,6.56
3/9/24 8:10,6.52
3/9/24 8:20,6.6
3/9/24 8:30,6.6
3/9/24 8:40,6.65
3/9/24 8:50,6.56
3/9/24 9:00,6.52
3/9/24 9:10,6.65
3/9/24 9:20,6.6
3/9/24 9:30,6.78
3/9/24 9:40,6.69
3/9/24 9:50,6.78
3/9/24 10:00,6.73
3/9/24 10:10,6.65
3/9/24 10:20,6.69
3/9/24 10:30,6.69
3/9/24 10:40,6.78
3/9/24 10:50,6.65
3/9/24 11:00,6.69
3/9/24 11:10,6.78
3/9/24 11:20,6.78
3/9/24 11:30,6.99
3/9/24 11:40,6.9
3/9/24 11:50,7.2
3/9/24 12:00,7.2
3/9/24 12:10,7.42
3/9/24 12:20,7.33
3/9/24 12:30,7.5
3/9/24 12:40,7.76
3/9/24 12:50,7.46
3/9/24 13:00,7.93
3/9/24 13:10,7.81
3/9/24 13:20,8.49
3/9/24 13:30,8.96
3/9/24 13:40,9.18
3/9/24 13:50,8.53
3/9/24 14:00,8.58
3/9/24 14:10,8.66
3/9/24 14:20,9.01
3/9/24 14:30,9.14
3/9/24 14:40,8.88
3/9/24 14:50,8.92
3/9/24 15:00,9.14
3/9/24 15:10,9.22
3/9/24 15:20,9.05
3/9/24 15:30,8.88
3/9/24 15:40,8.58
3/9/24 15:50,8.45
3/9/24 16:00,8.02
3/9/24 16:10,7.59
3/9/24 16:20,7.29
3/9/24 16:30,6.99
3/9/24 16:40,6.82
3/9/24 16:50,7.25
3/9/24 17:00,7.2
3/9/24 17:10,7.08
3/9/24 17:20,7.12
3/9/24 17:30,6.95
3/9/24 17:40,6.95
3/9/24 17:50,6.9
3/9/24 18:00,6.82
3/9/24 18:10,6.78
3/9/24 18:20,6.73
3/9/24 18:30,6.78
3/9/24 18:40,6.73
3/9/24 18:50,6.65
3/9/24 19:00,6.56
3/9/24 19:10,6.43
3/9/24 19:20,6.52
3/9/24 19:30,6.73
3/9/24 19:40,6.78
3/9/24 19:50,6.82
3/9/24 20:00,6.82
3/9/24 20:10,6.86
3/9/24 20:20,6.73
3/9/24 20:30,6.69
3/9/24 20:40,6.69
3/9/24 20:50,6.52
3/9/24 21:00,6.48
3/9/24 21:10,6.39
3/9/24 21:20,6.35
3/9/24 21:30,6.39
3/9/24 21:40,6.48
3/9/24 21:50,6.48
3/9/24 22:00,6.6
3/9/24 22:10,6.69
3/9/24 22:20,6.69
3/9/24 22:30,6.65
3/9/24 22:40,6.6
3/9/24 22:50,6.69
3/9/24 23:00,6.73
3/9/24 23:10,6.78
3/9/24 23:20,6.73
3/9/24 23:30,6.65
3/9/24 23:40,6.73
3/9/24 23:50,6.73
3/10/24 0:00,6.73
3/10/24 0:10,6.69
3/10/24 0:20,6.86
3/10/24 0:30,6.95
3/10/24 0:40,7.03
3/10/24 0:50,6.99
3/10/24 1:00,7.03
3/10/24 1:10,6.99
3/10/24 1:20,7.03
3/10/24 1:30,7.2
3/10/24 1:40,7.5
3/10/24 1:50,7.55
3/10/24 3:00,7.85
3/10/24 3:10,7.72
3/10/24 3:20,7.46
3/10/24 3:30,7.5
3/10/24 3:40,7.33
3/10/24 3:50,7.12
3/10/24 4:00,6.99
3/10/24 4:10,7.03
3/10/24 4:20,6.95
3/10/24 4:30,6.73
3/10/24 4:40,6.6
3/10/24 4:50,6.56
3/10/24 5:00,6.69
3/10/24 5:10,6.69
3/10/24 5:20,6.48
3/10/24 5:30,6.35
3/10/24 5:40,6.22
3/10/24 5:50,6.13
3/10/24 6:00,6
3/10/24 6:10,5.75
3/10/24 6:20,5.7
3/10/24 6:30,5.7
3/10/24 6:40,5.66
3/10/24 6:50,5.75
3/10/24 7:00,5.83
3/10/24 7:10,5.79
3/10/24 7:20,5.83
3/10/24 7:30,5.92
3/10/24 7:40,5.7
3/10/24 7:50,5.79
3/10/24 8:00,5.7
3/10/24 8:10,5.96
3/10/24 8:20,6.09
3/10/24 8:30,6.22
3/10/24 8:40,6.3
3/10/24 8:50,6.48
3/10/24 9:00,6.39
3/10/24 9:10,6.26
3/10/24 9:20,5.83
3/10/24 9:30,5.57
3/10/24 9:40,5.75
3/10/24 9:50,6.13
3/10/24 10:00,6.13
3/10/24 10:10,6.17
3/10/24 10:20,6.39
3/10/24 10:30,6.09
3/10/24 10:40,5.92
3/10/24 10:50,5.57
3/10/24 11:00,5.15
3/10/24 11:10,5.45
3/10/24 11:20,5.45
3/10/24 11:30,6
3/10/24 11:40,6.26
3/10/24 11:50,6.9
3/10/24 12:00,6.9
3/10/24 12:10,6.9
3/10/24 12:20,6.73
3/10/24 12:30,6.48
3/10/24 12:40,6.82
3/10/24 12:50,7.03
3/10/24 13:00,7.81
3/10/24 13:10,7.46
3/10/24 13:20,7.42
3/10/24 13:30,7.33
3/10/24 13:40,6.82
3/10/24 13:50,6.95
3/10/24 14:00,7.16
3/10/24 14:10,7.03
3/10/24 14:20,6.73
3/10/24 14:30,6.69
3/10/24 14:40,7.85
3/10/24 14:50,7.03
3/10/24 15:00,8.62
3/10/24 15:10,7.59
3/10/24 15:20,8.41
3/10/24 15:30,8.11
3/10/24 15:40,7.63
3/10/24 15:50,8.15
3/10/24 16:00,8.83
3/10/24 16:10,8.06
3/10/24 16:20,11.88
3/10/24 16:30,9.09
3/10/24 16:40,7.63
3/10/24 16:50,12.01
3/10/24 17:00,9.86
3/10/24 17:10,6.35
3/10/24 17:20,10.51
3/10/24 17:30,7.72
3/10/24 17:40,4.8
3/10/24 17:50,4.16
3/10/24 18:00,4.24
3/10/24 18:10,4.93
3/10/24 18:20,3.77
3/10/24 18:30,3.3
3/10/24 18:40,3.13
3/10/24 18:50,2.87
3/10/24 19:00,2.66
3/10/24 19:10,2.49
3/10/24 19:20,2.4
3/10/24 19:30,2.19
3/10/24 19:40,2.23
3/10/24 19:50,2.19
3/10/24 20:00,2.14
3/10/24 20:10,2.23
3/10/24 20:20,2.01
3/10/24 20:30,1.46
3/10/24 20:40,1.5
3/10/24 20:50,1.5
3/10/24 21:00,1.28
3/10/24 21:10,1.33
3/10/24 21:20,1.37
3/10/24 21:30,1.46
3/10/24 21:40,1.67
3/10/24 21:50,1.63
3/10/24 22:00,1.84
3/10/24 22:10,2.06
3/10/24 22:20,2.06
3/10/24 22:30,2.06
3/10/24 22:40,2.01
3/10/24 22:50,2.06
3/10/24 23:00,2.23
3/10/24 23:10,2.31
3/10/24 23:20,2.31
3/10/24 23:30,2.44
3/10/24 23:40,2.36
3/10/24 23:50,2.23
3/11/24 0:00,2.19
3/11/24 0:10,2.06
3/11/24 0:20,1.97
3/11/24 0:30,1.93
3/11/24 0:40,1.58
3/11/24 0:50,1.28
3/11/24 1:00,1.37
3/11/24 1:10,1.54
3/11/24 1:20,1.67
3/11/24 1:30,1.63
3/11/24 1:40,1.84
3/11/24 1:50,1.93
3/11/24 2:00,1.97
3/11/24 2:10,2.06
3/11/24 2:20,2.06
3/11/24 2:30,2.06
3/11/24 2:40,2.1
3/11/24 2:50,2.19
3/11/24 3:00,2.1
3/11/24 3:10,2.14
3/11/24 3:20,2.1
3/11/24 3:30,2.06
3/11/24 3:40,1.97
3/11/24 3:50,2.01
3/11/24 4:00,2.01
3/11/24 4:10,2.01
3/11/24 4:20,1.76
3/11/24 4:30,1.41
3/11/24 4:40,1.33
3/11/24 4:50,1.33
3/11/24 5:00,1.07
3/11/24 5:10,0.86
3/11/24 5:20,0.6
3/11/24 5:30,0.68
3/11/24 5:40,0.77
3/11/24 5:50,1.07
3/11/24 6:00,1.28
3/11/24 6:10,1.33
3/11/24 6:20,1.37
3/11/24 6:30,1.28
3/11/24 6:40,1.37
3/11/24 6:50,1.58
3/11/24 7:00,1.37
3/11/24 7:10,1.33
3/11/24 7:20,1.16
3/11/24 7:30,1.16
3/11/24 7:40,0.94
3/11/24 7:50,0.9
3/11/24 8:00,1.03
3/11/24 8:10,1.07
3/11/24 8:20,1.33
3/11/24 8:30,1.71
3/11/24 8:40,1.93
3/11/24 8:50,2.06
3/11/24 9:00,2.27
3/11/24 9:10,2.61
3/11/24 9:20,2.91
3/11/24 9:30,3.17
3/11/24 9:40,3.69
3/11/24 9:50,3.77
3/11/24 10:00,3.99
3/11/24 10:10,4.37
3/11/24 10:20,4.72
3/11/24 10:30,4.89
3/11/24 10:40,5.32
3/11/24 10:50,5.57
3/11/24 11:00,5.75
3/11/24 11:10,6.05
3/11/24 11:20,6.35
3/11/24 11:30,6.56
3/11/24 11:40,7.03
3/11/24 11:50,7.29
3/11/24 12:00,7.42
3/11/24 12:10,7.5
3/11/24 12:20,7.85
3/11/24 12:30,8.11
3/11/24 12:40,8.32
3/11/24 12:50,8.49
3/11/24 13:00,8.75
3/11/24 13:10,8.96
3/11/24 13:20,9.39
3/11/24 13:30,9.48
3/11/24 13:40,9.56
3/11/24 13:50,10.08
3/11/24 14:00,10.68
3/11/24 14:10,11.15
3/11/24 14:20,17.29
3/11/24 14:30,18.49
3/11/24 14:40,18.57
3/11/24 14:50,19.47
3/11/24 15:00,20.29
3/11/24 15:10,20.85
3/11/24 15:20,20.76
3/11/24 15:30,21.83
3/11/24 15:40,22.78
3/11/24 15:50,22.13
3/11/24 16:00,21.62
3/11/24 16:10,21.23
3/11/24 16:20,22.35
3/11/24 16:30,22.78
3/11/24 16:40,23.51
3/11/24 16:50,23.81
3/11/24 17:00,22.73
3/11/24 17:10,23.03
3/11/24 17:20,21.83
3/11/24 17:30,21.1
3/11/24 17:40,20.93
3/11/24 17:50,19.47
3/11/24 18:00,19.13
3/11/24 18:10,18.06
3/11/24 18:20,17.67
3/11/24 18:30,17.8
3/11/24 18:40,16.47
3/11/24 18:50,15.06
3/11/24 19:00,13.73
3/11/24 19:10,11.67
3/11/24 19:20,11.07
3/11/24 19:30,10.29
3/11/24 19:40,9.95
3/11/24 19:50,9.65
3/11/24 20:00,9.31
3/11/24 20:10,9.26
3/11/24 20:20,9.09
3/11/24 20:30,9.05
3/11/24 20:40,9.01
3/11/24 20:50,8.83
3/11/24 21:00,8.75
3/11/24 21:10,8.62
3/11/24 21:20,8.49
3/11/24 21:30,8.02
3/11/24 21:40,7.93
3/11/24 21:50,7.76
3/11/24 22:00,7.5
3/11/24 22:10,7.59
3/11/24 22:20,7.16
3/11/24 22:30,7.2
3/11/24 22:40,7.42
3/11/24 22:50,7.29
3/11/24 23:00,7.08
3/11/24 23:10,7.03
3/11/24 23:20,6.86
3/11/24 23:30,6.9
3/11/24 23:40,6.73
3/11/24 23:50,6.6
3/12/24 0:00,6.73
3/12/24 0:10,6.52
3/12/24 0:20,6.05
3/12/24 0:30,5.66
3/12/24 0:40,5.4
3/12/24 0:50,5.36
3/12/24 1:00,5.4
3/12/24 1:10,5.36
3/12/24 1:20,5.36
3/12/24 1:30,5.19
3/12/24 1:40,5.02
3/12/24 1:50,4.89
3/12/24 2:00,4.72
3/12/24 2:10,4.72
3/12/24 2:20,4.54
3/12/24 2:30,4.67
3/12/24 2:40,5.19
3/12/24 2:50,5.75
3/12/24 3:00,6.22
3/12/24 3:10,6.52
3/12/24 3:20,6.69
3/12/24 3:30,6.73
3/12/24 3:40,6.69
3/12/24 3:50,6.65
3/12/24 4:00,6.6
3/12/24 4:10,6.95
3/12/24 4:20,7.55
3/12/24 4:30,7.81
3/12/24 4:40,8.02
3/12/24 4:50,8.15
3/12/24 5:00,8.19
3/12/24 5:10,8.06
3/12/24 5:20,8.36
3/12/24 5:30,8.06
3/12/24 5:40,7.81
3/12/24 5:50,7.72
3/12/24 6:00,7.55
3/12/24 6:10,6.95
3/12/24 6:20,6.69
3/12/24 6:30,6.43
3/12/24 6:40,6.3
3/12/24 6:50,6.35
3/12/24 7:00,6.35
3/12/24 7:10,6.39
3/12/24 7:20,6.43
3/12/24 7:30,6.26
3/12/24 7:40,6.05
3/12/24 7:50,6.26
3/12/24 8:00,6.17
3/12/24 8:10,6.35
3/12/24 8:20,6.65
3/12/24 8:30,7.12
3/12/24 8:40,7.46
3/12/24 8:50,7.98
3/12/24 9:00,8.36
3/12/24 9:10,8.83
3/12/24 9:20,9.18
3/12/24 9:30,9.48
3/12/24 9:40,9.61
3/12/24 9:50,9.74
3/12/24 10:00,10.04
3/12/24 10:10,10.38
3/12/24 10:20,10.94
3/12/24 10:30,11.45
3/12/24 10:40,12.01
3/12/24 10:50,12.52
3/12/24 11:00,13.04
3/12/24 11:10,13.25
3/12/24 11:20,13.47
3/12/24 11:30,13.81
3/12/24 11:40,14.24
3/12/24 11:50,14.58
3/12/24 12:00,15.06
3/12/24 12:10,15.4
3/12/24 12:20,15.96
3/12/24 12:30,16.26
3/12/24 12:40,16.43
3/12/24 12:50,16.86
3/12/24 13:00,17.2
3/12/24 13:10,17.41
3/12/24 13:20,17.67
3/12/24 13:30,17.84
3/12/24 13:40,18.4
3/12/24 13:50,18.92
3/12/24 14:00,19.39
3/12/24 14:10,20.8
3/12/24 14:20,26.81
3/12/24 14:30,29.08
3/12/24 14:40,29.86
3/12/24 14:50,28.61
3/12/24 15:00,29.3
3/12/24 15:10,30.59
3/12/24 15:20,30.37
3/12/24 15:30,31.19
3/12/24 15:40,30.84
3/12/24 15:50,29.43
3/12/24 16:00,31.57
3/12/24 16:10,32.77
3/12/24 16:20,33.2
3/12/24 16:30,34.1
3/12/24 16:40,32.09
3/12/24 16:50,31.44
3/12/24 17:00,32.13
3/12/24 17:10,31.06
3/12/24 17:20,30.41
3/12/24 17:30,29.73
3/12/24 17:40,29.94
3/12/24 17:50,29.21
3/12/24 18:00,28.83
3/12/24 18:10,27.93
3/12/24 18:20,27.71
3/12/24 18:30,25.69
3/12/24 18:40,25.01
3/12/24 18:50,22.69
3/12/24 19:00,20.98
3/12/24 19:10,19.77
3/12/24 19:20,19
3/12/24 19:30,18.23
3/12/24 19:40,17.72
3/12/24 19:50,17.5
3/12/24 20:00,17.11
3/12/24 20:10,16.77
3/12/24 20:20,16.3
3/12/24 20:30,16.26
3/12/24 20:40,16.08
3/12/24 20:50,15.83
3/12/24 21:00,15.57
3/12/24 21:10,15.36
3/12/24 21:20,15.06
3/12/24 21:30,14.63
3/12/24 21:40,13.73
3/12/24 21:50,13.25
3/12/24 22:00,13.55
3/12/24 22:10,13.68
3/12/24 22:20,13.81
3/12/24 22:30,14.11
3/12/24 22:40,13.47
3/12/24 22:50,12.87
3/12/24 23:00,12.52
3/12/24 23:10,11.92
3/12/24 23:20,11.71
3/12/24 23:30,11.45
3/12/24 23:40,11.45
3/12/24 23:50,11.32
3/13/24 0:00,10.85
3/13/24 0:10,10.38
3/13/24 0:20,10.38
3/13/24 0:30,10.12
3/13/24 0:40,9.99
3/13/24 0:50,9.82
3/13/24 1:00,9.65
3/13/24 1:10,9.35
3/13/24 1:20,9.26
3/13/24 1:30,8.96
3/13/24 1:40,8.62
3/13/24 1:50,8.28
3/13/24 2:00,8.19
3/13/24 2:10,8.02
3/13/24 2:20,7.98
3/13/24 2:30,7.76
3/13/24 2:40,7.63
3/13/24 2:50,7.55
3/13/24 3:00,7.16
3/13/24 3:10,6.9
3/13/24 3:20,6.69
3/13/24 3:30,6.78
3/13/24 3:40,6.48
3/13/24 3:50,6.39
3/13/24 4:00,6.26
3/13/24 4:10,6.48
3/13/24 4:20,6.43
3/13/24 4:30,6.09
3/13/24 4:40,5.92
3/13/24 4:50,5.75
3/13/24 5:00,5.57
3/13/24 5:10,5.4
3/13/24 5:20,5.27
3/13/24 5:30,5.15
3/13/24 5:40,4.97
3/13/24 5:50,4.89
3/13/24 6:00,4.8
3/13/24 6:10,4.8
3/13/24 6:20,4.93
3/13/24 6:30,5.1
3/13/24 6:40,5.23
3/13/24 6:50,5.02
3/13/24 7:00,5.02
3/13/24 7:10,5.06
3/13/24 7:20,4.72
3/13/24 7:30,4.63
3/13/24 7:40,4.63
3/13/24 7:50,4.8
3/13/24 8:00,4.97
3/13/24 8:10,5.1
3/13/24 8:20,5.4
3/13/24 8:30,5.53
3/13/24 8:40,5.79
3/13/24 8:50,6.17
3/13/24 9:00,6.69
3/13/24 9:10,7.46
3/13/24 9:20,8.28
3/13/24 9:30,9.18
3/13/24 9:40,10.21
3/13/24 9:50,11.15
3/13/24 10:00,11.71
3/13/24 10:10,11.84
3/13/24 10:20,12.52
3/13/24 10:30,13.43
3/13/24 10:40,14.37
3/13/24 10:50,14.97
3/13/24 11:00,14.84
3/13/24 11:10,14.84
3/13/24 11:20,14.97
3/13/24 11:30,15.44
3/13/24 11:40,16.21
3/13/24 11:50,16.94
3/13/24 12:00,17.37
3/13/24 12:10,17.63
3/13/24 12:20,17.8
3/13/24 12:30,18.02
3/13/24 12:40,18.44
3/13/24 12:50,18.74
3/13/24 13:00,19.6
3/13/24 13:10,19.86
3/13/24 13:20,19.99
3/13/24 13:30,20.55
3/13/24 13:40,20.72
3/13/24 13:50,20.76
3/13/24 14:00,21.32
3/13/24 14:10,22.69
3/13/24 14:20,28.14
3/13/24 14:30,26.08
3/13/24 14:40,28.1
3/13/24 14:50,33.29
3/13/24 15:00,34.88
3/13/24 15:10,34.45
3/13/24 15:20,34.02
3/13/24 15:30,34.75
3/13/24 15:40,35.65
3/13/24 15:50,34.79
3/13/24 16:00,35.13
3/13/24 16:10,36.08
3/13/24 16:20,32.9
3/13/24 16:30,33.33
3/13/24 16:40,34.32
3/13/24 16:50,32.94
3/13/24 17:00,32.77
3/13/24 17:10,31.27
3/13/24 17:20,32
3/13/24 17:30,30.89
3/13/24 17:40,30.5
3/13/24 17:50,28.1
3/13/24 18:00,23.55
3/13/24 18:10,22.43
3/13/24 18:20,21.53
3/13/24 18:30,20.89
3/13/24 18:40,20.46
3/13/24 18:50,20.2
3/13/24 19:00,20.42
3/13/24 19:10,20.03
3/13/24 19:20,19.09
3/13/24 19:30,18.44
3/13/24 19:40,17.93
3/13/24 19:50,17.33
3/13/24 20:00,16.77
3/13/24 20:10,16.6
3/13/24 20:20,16.69
3/13/24 20:30,16.69
3/13/24 20:40,16.64
3/13/24 20:50,16.56
3/13/24 21:00,16.39
3/13/24 21:10,15.91
3/13/24 21:20,15.61
3/13/24 21:30,15.36
3/13/24 21:40,15.23
3/13/24 21:50,14.71
3/13/24 22:00,14.24
3/13/24 22:10,14.11
3/13/24 22:20,13.64
3/13/24 22:30,13.34
3/13/24 22:40,13
3/13/24 22:50,12.57
3/13/24 23:00,12.14
3/13/24 23:10,12.14
3/13/24 23:20,11.84
3/13/24 23:30,11.79
3/13/24 23:40,11.79
3/13/24 23:50,11.49
3/14/24 0:00,11.24
3/14/24 0:10,11.19
3/14/24 0:20,10.85
3/14/24 0:30,10.64
3/14/24 0:40,10.34
3/14/24 0:50,10.34
3/14/24 1:00,10.08
3/14/24 1:10,9.86
3/14/24 1:20,9.69
3/14/24 1:30,9.48
3/14/24 1:40,9.56
3/14/24 1:50,9.09
3/14/24 2:00,9.05
3/14/24 2:10,8.83
3/14/24 2:20,8.83
3/14/24 2:30,8.83
3/14/24 2:40,8.83
3/14/24 2:50,8.79
3/14/24 3:00,8.36
3/14/24 3:10,8.28
3/14/24 3:20,8.41
3/14/24 3:30,8.62
3/14/24 3:40,8.53
3/14/24 3:50,8.11
3/14/24 4:00,7.93
3/14/24 4:10,7.85
3/14/24 4:20,7.93
3/14/24 4:30,7.81
3/14/24 4:40,7.55
3/14/24 4:50,7.55
3/14/24 5:00,7.38
3/14/24 5:10,7.2
3/14/24 5:20,7.12
3/14/24 5:30,7.08
3/14/24 5:40,7.03
3/14/24 5:50,6.95
3/14/24 6:00,6.86
3/14/24 6:10,6.82
3/14/24 6:20,6.78
3/14/24 6:30,6.52
3/14/24 6:40,6.39
3/14/24 6:50,6.3
3/14/24 7:00,6.35
3/14/24 7:10,6.17
3/14/24 7:20,6
3/14/24 7:30,6.05
3/14/24 7:40,6
3/14/24 7:50,6.13
3/14/24 8:00,6.6
3/14/24 8:10,7.16
3/14/24 8:20,7.42
3/14/24 8:30,7.85
3/14/24 8:40,8.06
3/14/24 8:50,8.41
3/14/24 9:00,8.71
3/14/24 9:10,9.09
3/14/24 9:20,9.52
3/14/24 9:30,9.99
3/14/24 9:40,10.59
3/14/24 9:50,11.28
3/14/24 10:00,12.27
3/14/24 10:10,13
3/14/24 10:20,13.38
3/14/24 10:30,14.11
3/14/24 10:40,15.01
3/14/24 10:50,15.61
3/14/24 11:00,16.13
3/14/24 11:10,16.69
3/14/24 11:20,17.33
3/14/24 11:30,17.97
3/14/24 11:40,18.4
3/14/24 11:50,19.39
3/14/24 12:00,19.95
3/14/24 12:10,20.63
3/14/24 12:20,21.19
3/14/24 12:30,21.62
3/14/24 12:40,22.05
3/14/24 12:50,22.52
3/14/24 13:00,22.35
3/14/24 13:10,22.26
3/14/24 13:20,22.35
3/14/24 13:30,22.52
3/14/24 13:40,22.95
3/14/24 13:50,22.91
3/14/24 14:00,23.25
3/14/24 14:10,25.09
3/14/24 14:20,31.14
3/14/24 14:30,33.33
3/14/24 14:40,33.55
3/14/24 14:50,33.67
3/14/24 15:00,31.87
3/14/24 15:10,33.37
3/14/24 15:20,32.13
3/14/24 15:30,33.85
3/14/24 15:40,32.52
3/14/24 15:50,33.03
3/14/24 16:00,33.8
3/14/24 16:10,32.94
3/14/24 16:20,31.06
3/14/24 16:30,31.79
3/14/24 16:40,33.03
3/14/24 16:50,30.41
3/14/24 17:00,28.31
3/14/24 17:10,26.9
3/14/24 17:20,25.91
3/14/24 17:30,25.09
3/14/24 17:40,24.36
3/14/24 17:50,23.98
3/14/24 18:00,23.85
3/14/24 18:10,23.72
3/14/24 18:20,23.68
3/14/24 18:30,23.38
3/14/24 18:40,23.21
3/14/24 18:50,22.86
3/14/24 19:00,22.48
3/14/24 19:10,22.09
3/14/24 19:20,21.7
3/14/24 19:30,21.4
3/14/24 19:40,21.36
3/14/24 19:50,21.23
3/14/24 20:00,21.19
3/14/24 20:10,21.02
3/14/24 20:20,20.8
3/14/24 20:30,20.63
3/14/24 20:40,20.33
3/14/24 20:50,19.95
3/14/24 21:00,19.73
3/14/24 21:10,19.17
3/14/24 21:20,19.35
3/14/24 21:30,19.26
3/14/24 21:40,19.26
3/14/24 21:50,19.09
3/14/24 22:00,19
3/14/24 22:10,18.27
3/14/24 22:20,17.89
3/14/24 22:30,17.63
3/14/24 22:40,17.46
3/14/24 22:50,17.59
3/14/24 23:00,17.63
3/14/24 23:10,17.59
3/14/24 23:20,17.5
3/14/24 23:30,17.72
3/14/24 23:40,18.02
3/14/24 23:50,18.36
3/15/24 0:00,18.53
3/15/24 0:10,18.57
3/15/24 0:20,18.53
3/15/24 0:30,17.97
3/15/24 0:40,16.99
3/15/24 0:50,16.73
3/15/24 1:00,16.51
3/15/24 1:10,16.51
3/15/24 1:20,16.73
3/15/24 1:30,16.73
3/15/24 1:40,15.96
3/15/24 1:50,16
3/15/24 2:00,16.13
3/15/24 2:10,16.69
3/15/24 2:20,16.9
3/15/24 2:30,17.11
3/15/24 2:40,17.54
3/15/24 2:50,17.63
3/15/24 3:00,16.94
3/15/24 3:10,16.69
3/15/24 3:20,17.41
3/15/24 3:30,17.93
3/15/24 3:40,17.76
3/15/24 3:50,17.11
3/15/24 4:00,16.6
3/15/24 4:10,16.17
3/15/24 4:20,15.91
3/15/24 4:30,15.83
3/15/24 4:40,15.66
3/15/24 4:50,15.4
3/15/24 5:00,15.14
3/15/24 5:10,15.06
3/15/24 5:20,14.93
3/15/24 5:30,14.8
3/15/24 5:40,14.84
3/15/24 5:50,14.97
3/15/24 6:00,14.8
3/15/24 6:10,14.93
3/15/24 6:20,14.45
3/15/24 6:30,14.28
3/15/24 6:40,14.15
3/15/24 6:50,14.03
3/15/24 7:00,14.03
3/15/24 7:10,14.28
3/15/24 7:20,14.45
3/15/24 7:30,14.88
3/15/24 7:40,15.23
3/15/24 7:50,14.63
3/15/24 8:00,14.71
3/15/24 8:10,15.06
3/15/24 8:20,14.93
3/15/24 8:30,15.31
3/15/24 8:40,15.87
3/15/24 8:50,16.26
3/15/24 9:00,16.6
3/15/24 9:10,16.86
3/15/24 9:20,17.2
3/15/24 9:30,17.54
3/15/24 9:40,17.97
3/15/24 9:50,18.44
3/15/24 10:00,18.92
3/15/24 10:10,19.39
3/15/24 10:20,19.99
3/15/24 10:30,20.46
3/15/24 10:40,20.8
3/15/24 10:50,21.06
3/15/24 11:00,21.19
3/15/24 11:10,21.36
3/15/24 11:20,21.75
3/15/24 11:30,22.01
3/15/24 11:40,22.01
3/15/24 11:50,22.01
3/15/24 12:00,22.35
3/15/24 12:10,22.69
3/15/24 12:20,22.61
3/15/24 12:30,22.78
3/15/24 12:40,22.86
3/15/24 12:50,22.78
3/15/24 13:00,22.65
3/15/24 13:10,22.31
3/15/24 13:20,21.88
3/15/24 13:30,21.62
3/15/24 13:40,21.4
3/15/24 13:50,21.45
3/15/24 14:00,21.75
3/15/24 14:10,22.01
3/15/24 14:20,21.96
3/15/24 14:30,22.09
3/15/24 14:40,22.09
3/15/24 14:50,21.92
3/15/24 15:00,21.75
3/15/24 15:10,21.62
3/15/24 15:20,21.36
3/15/24 15:30,21.15
3/15/24 15:40,21.58
3/15/24 15:50,21.92
3/15/24 16:00,22.22
3/15/24 16:10,21.79
3/15/24 16:20,22.05
3/15/24 16:30,21.88
3/15/24 16:40,21.49
3/15/24 16:50,21.4
3/15/24 17:00,21.23
3/15/24 17:10,21.1
3/15/24 17:20,20.89
3/15/24 17:30,20.63
3/15/24 17:40,20.55
3/15/24 17:50,19.09
3/15/24 18:00,18.19
3/15/24 18:10,18.02
3/15/24 18:20,18.36
3/15/24 18:30,18.83
3/15/24 18:40,19.47
3/15/24 18:50,21.1
3/15/24 19:00,19.77
3/15/24 19:10,19.26
3/15/24 19:20,18.44
3/15/24 19:30,17.97
3/15/24 19:40,17.76
3/15/24 19:50,17.41
3/15/24 20:00,17.33
3/15/24 20:10,17.5
3/15/24 20:20,17.07
3/15/24 20:30,16.26
3/15/24 20:40,15.87
3/15/24 20:50,15.7
3/15/24 21:00,15.7
3/15/24 21:10,15.66
3/15/24 21:20,15.53
3/15/24 21:30,15.27
3/15/24 21:40,15.23
3/15/24 21:50,15.23
3/15/24 22:00,15.06
3/15/24 22:10,14.58
3/15/24 22:20,14.45
3/15/24 22:30,14.28
3/15/24 22:40,13.85
3/15/24 22:50,13.43
3/15/24 23:00,13.08
3/15/24 23:10,12.82
3/15/24 23:20,12.65
3/15/24 23:30,12.31
3/15/24 23:40,12.18
3/15/24 23:50,11.79
3/16/24 0:00,11.62
3/16/24 0:10,11.32
3/16/24 0:20,11.11
3/16/24 0:30,11.24
3/16/24 0:40,11.11
3/16/24 0:50,11.02
3/16/24 1:00,10.85
3/16/24 1:10,10.59
3/16/24 1:20,10.55
3/16/24 1:30,10.42
3/16/24 1:40,10.21
3/16/24 1:50,10.16
3/16/24 2:00,9.91
3/16/24 2:10,9.61
3/16/24 2:20,9.39
3/16/24 2:30,8.96
3/16/24 2:40,8.83
3/16/24 2:50,8.71
3/16/24 3:00,8.58
3/16/24 3:10,8.62
3/16/24 3:20,8.45
3/16/24 3:30,8.23
3/16/24 3:40,8.06
3/16/24 3:50,7.85
3/16/24 4:00,7.72
3/16/24 4:10,7.63
3/16/24 4:20,7.5
3/16/24 4:30,7.33
3/16/24 4:40,7.12
3/16/24 4:50,7.12
3/16/24 5:00,6.95
3/16/24 5:10,6.86
3/16/24 5:20,6.78
3/16/24 5:30,6.69
3/16/24 5:40,6.43
3/16/24 5:50,6.26
3/16/24 6:00,5.96
3/16/24 6:10,5.75
3/16/24 6:20,5.53
3/16/24 6:30,5.45
3/16/24 6:40,5.4
3/16/24 6:50,5.27
3/16/24 7:00,5.06
3/16/24 7:10,4.97
3/16/24 7:20,5.02
3/16/24 7:30,4.89
3/16/24 7:40,4.8
3/16/24 7:50,5.02
3/16/24 8:00,5.1
3/16/24 8:10,5.49
3/16/24 8:20,5.7
3/16/24 8:30,5.92
3/16/24 8:40,6.17
3/16/24 8:50,6.52
3/16/24 9:00,6.82
3/16/24 9:10,7.12
3/16/24 9:20,7.55
3/16/24 9:30,8.19
3/16/24 9:40,8.28
3/16/24 9:50,8.58
3/16/24 10:00,8.92
3/16/24 10:10,9.26
3/16/24 10:20,9.48
3/16/24 10:30,9.78
3/16/24 10:40,10.04
3/16/24 10:50,10.16
3/16/24 11:00,10.42
3/16/24 11:10,10.51
3/16/24 11:20,10.94
3/16/24 11:30,11.28
3/16/24 11:40,11.37
3/16/24 11:50,11.37
3/16/24 12:00,11.71
3/16/24 12:10,12.14
3/16/24 12:20,12.18
3/16/24 12:30,12.74
3/16/24 12:40,12.95
3/16/24 12:50,13.38
3/16/24 13:00,13.94
3/16/24 13:10,13.94
3/16/24 13:20,14.5
3/16/24 13:30,14.8
3/16/24 13:40,15.23
3/16/24 13:50,15.7
3/16/24 14:00,16.77
3/16/24 14:10,19.95
3/16/24 14:20,25.48
3/16/24 14:30,27.93
3/16/24 14:40,29.17
3/16/24 14:50,30.16
3/16/24 15:00,31.57
3/16/24 15:10,30.93
3/16/24 15:20,32.3
3/16/24 15:30,31.66
3/16/24 15:40,32.77
3/16/24 15:50,30.89
3/16/24 16:00,31.36
3/16/24 16:10,32.43
3/16/24 16:20,32.3
3/16/24 16:30,31.79
3/16/24 16:40,30.24
3/16/24 16:50,29.64
3/16/24 17:00,29.98
3/16/24 17:10,29.64
3/16/24 17:20,29.21
3/16/24 17:30,28.7
3/16/24 17:40,27.41
3/16/24 17:50,26.77
3/16/24 18:00,27.63
3/16/24 18:10,27.67
3/16/24 18:20,26.81
3/16/24 18:30,26.3
3/16/24 18:40,26.08
3/16/24 18:50,24.32
3/16/24 19:00,21.83
3/16/24 19:10,19.99
3/16/24 19:20,19.35
3/16/24 19:30,18.87
3/16/24 19:40,18.27
3/16/24 19:50,17.97
3/16/24 20:00,17.8
3/16/24 20:10,17.5
3/16/24 20:20,17.46
3/16/24 20:30,17.37
3/16/24 20:40,17.2
3/16/24 20:50,17.03
3/16/24 21:00,16.9
3/16/24 21:10,16.81
3/16/24 21:20,16.73
3/16/24 21:30,16.77
3/16/24 21:40,16.69
3/16/24 21:50,16.69
3/16/24 22:00,16.69
3/16/24 22:10,16.73
3/16/24 22:20,16.64
3/16/24 22:30,16.6
3/16/24 22:40,16.43
3/16/24 22:50,16.3
3/16/24 23:00,16.3
3/16/24 23:10,16.3
3/16/24 23:20,16.17
3/16/24 23:30,16.08
3/16/24 23:40,15.7
3/16/24 23:50,15.27
3/17/24 0:00,14.93
3/17/24 0:10,14.93
3/17/24 0:20,14.88
3/17/24 0:30,14.41
3/17/24 0:40,13.94
3/17/24 0:50,13.77
3/17/24 1:00,13.6
3/17/24 1:10,13.6
3/17/24 1:20,13.77
3/17/24 1:30,13.68
3/17/24 1:40,13.51
3/17/24 1:50,13.47
3/17/24 2:00,13.77
3/17/24 2:10,13.43
3/17/24 2:20,12.87
3/17/24 2:30,12.82
3/17/24 2:40,12.05
3/17/24 2:50,11.97
3/17/24 3:00,12.31
3/17/24 3:10,12.18
3/17/24 3:20,11.97
3/17/24 3:30,12.01
3/17/24 3:40,12.1
3/17/24 3:50,12.65
3/17/24 4:00,12.65
3/17/24 4:10,12.48
3/17/24 4:20,12.57
3/17/24 4:30,12.48
3/17/24 4:40,12.57
3/17/24 4:50,12.48
3/17/24 5:00,12.31
3/17/24 5:10,12.27
3/17/24 5:20,12.1
3/17/24 5:30,12.18
3/17/24 5:40,12.18
3/17/24 5:50,12.01
3/17/24 6:00,12.01
3/17/24 6:10,12.14
3/17/24 6:20,12.14
3/17/24 6:30,12.1
3/17/24 6:40,12.14
3/17/24 6:50,11.92
3/17/24 7:00,12.05
3/17/24 7:10,12.22
3/17/24 7:20,12.18
3/17/24 7:30,12.05
3/17/24 7:40,12.22
3/17/24 7:50,12.4
3/17/24 8:00,12.52
3/17/24 8:10,12.74
3/17/24 8:20,12.87
3/17/24 8:30,12.91
3/17/24 8:40,13
3/17/24 8:50,13
3/17/24 9:00,12.91
3/17/24 9:10,13.3
3/17/24 9:20,13.64
3/17/24 9:30,13.94
3/17/24 9:40,14.24
3/17/24 9:50,14.54
3/17/24 10:00,15.06
3/17/24 10:10,15.36
3/17/24 10:20,15.7
3/17/24 10:30,16.04
3/17/24 10:40,16.3
3/17/24 10:50,16.34
3/17/24 11:00,16.6
3/17/24 11:10,16.3
3/17/24 11:20,16.73
3/17/24 11:30,16.3
3/17/24 11:40,15.87
3/17/24 11:50,15.78
3/17/24 12:00,16.13
3/17/24 12:10,16.21
3/17/24 12:20,16.39
3/17/24 12:30,16.3
3/17/24 12:40,16.43
3/17/24 12:50,16.73
3/17/24 13:00,16.94
3/17/24 13:10,16.77
3/17/24 13:20,17.07
3/17/24 13:30,17.03
3/17/24 13:40,17.11
3/17/24 13:50,17.46
3/17/24 14:00,18.19
3/17/24 14:10,20.72
3/17/24 14:20,24.71
3/17/24 14:30,25.57
3/17/24 14:40,26.12
3/17/24 14:50,27.15
3/17/24 15:00,26.38
3/17/24 15:10,26.72
3/17/24 15:20,26.72
3/17/24 15:30,26.6
3/17/24 15:40,26.85
3/17/24 15:50,27.02
3/17/24 16:00,27.2
3/17/24 16:10,26.9
3/17/24 16:20,26.77
3/17/24 16:30,23.25
3/17/24 16:40,24.28
3/17/24 16:50,25.44
3/17/24 17:00,27.32
3/17/24 17:10,26.12
3/17/24 17:20,23.38
3/17/24 17:30,25.18
3/17/24 17:40,25.82
3/17/24 17:50,24.92
3/17/24 18:00,25.09
3/17/24 18:10,23.85
3/17/24 18:20,22.73
3/17/24 18:30,20.16
3/17/24 18:40,19.05
3/17/24 18:50,18.23
3/17/24 19:00,17.84
3/17/24 19:10,16.86
3/17/24 19:20,16.34
3/17/24 19:30,16
3/17/24 19:40,15.78
3/17/24 19:50,15.61
3/17/24 20:00,15.18
3/17/24 20:10,14.75
3/17/24 20:20,14.28
3/17/24 20:30,14.07
3/17/24 20:40,13.77
3/17/24 20:50,13.51
3/17/24 21:00,13.25
3/17/24 21:10,13.3
3/17/24 21:20,13
3/17/24 21:30,12.87
3/17/24 21:40,12.78
3/17/24 21:50,12.61
3/17/24 22:00,12.31
3/17/24 22:10,12.1
3/17/24 22:20,11.97
3/17/24 22:30,11.92
3/17/24 22:40,11.75
3/17/24 22:50,11.45
3/17/24 23:00,11.37
3/17/24 23:10,11.07
3/17/24 23:20,10.89
3/17/24 23:30,10.72
3/17/24 23:40,10.46
3/17/24 23:50,10.21
3/18/24 0:00,9.91
3/18/24 0:10,9.74
3/18/24 0:20,9.44
3/18/24 0:30,8.83
3/18/24 0:40,8.53
3/18/24 0:50,8.11
3/18/24 1:00,7.81
3/18/24 1:10,7.55
3/18/24 1:20,7.46
3/18/24 1:30,7.2
3/18/24 1:40,6.9
3/18/24 1:50,6.69
3/18/24 2:00,6.52
3/18/24 2:10,6.43
3/18/24 2:20,6.26
3/18/24 2:30,6.17
3/18/24 2:40,5.92
3/18/24 2:50,5.66
3/18/24 3:00,5.45
3/18/24 3:10,5.53
3/18/24 3:20,5.49
3/18/24 3:30,5.27
3/18/24 3:40,5.1
3/18/24 3:50,5.19
3/18/24 4:00,5.1
3/18/24 4:10,5.1
3/18/24 4:20,5.15
3/18/24 4:30,5.23
3/18/24 4:40,5.19
3/18/24 4:50,5.19
3/18/24 5:00,5.19
3/18/24 5:10,5.15
3/18/24 5:20,4.89
3/18/24 5:30,4.84
3/18/24 5:40,4.84
3/18/24 5:50,4.8
3/18/24 6:00,4.72
3/18/24 6:10,4.63
3/18/24 6:20,4.8
3/18/24 6:30,4.76
3/18/24 6:40,4.63
3/18/24 6:50,4.59
3/18/24 7:00,4.42
3/18/24 7:10,4.29
3/18/24 7:20,4.24
3/18/24 7:30,4.12
3/18/24 7:40,4.03
3/18/24 7:50,4.03
3/18/24 8:00,3.94
3/18/24 8:10,3.9
3/18/24 8:20,3.86
3/18/24 8:30,3.99
3/18/24 8:40,4.07
3/18/24 8:50,4.03
3/18/24 9:00,4.07
3/18/24 9:10,4.16
3/18/24 9:20,4.12
3/18/24 9:30,3.9
3/18/24 9:40,3.94
3/18/24 9:50,4.24
3/18/24 10:00,4.46
3/18/24 10:10,4.59
3/18/24 10:20,4.63
3/18/24 10:30,5.06
3/18/24 10:40,4.97
3/18/24 10:50,5.19
3/18/24 11:00,5.49
3/18/24 11:10,5.27
3/18/24 11:20,5.57
3/18/24 11:30,6.35
3/18/24 11:40,5.96
3/18/24 11:50,5.87
3/18/24 12:00,6.05
3/18/24 12:10,6.26
3/18/24 12:20,6.56
3/18/24 12:30,6.82
3/18/24 12:40,7.03
3/18/24 12:50,7.5
3/18/24 13:00,7.72
3/18/24 13:10,8.19
3/18/24 13:20,8.45
3/18/24 13:30,9.31
3/18/24 13:40,10.38
3/18/24 13:50,10.08
3/18/24 14:00,9.09
3/18/24 14:10,11.84
3/18/24 14:20,16.21
3/18/24 14:30,17.84
3/18/24 14:40,16.34
3/18/24 14:50,18.14
3/18/24 15:00,18.53
3/18/24 15:10,16.94
3/18/24 15:20,19.73
3/18/24 15:30,17.37
3/18/24 15:40,18.79
3/18/24 15:50,20.07
3/18/24 16:00,18.92
3/18/24 16:10,18.62
3/18/24 16:20,17.93
3/18/24 16:30,18.06
3/18/24 16:40,17.33
3/18/24 16:50,16.99
3/18/24 17:00,16
3/18/24 17:10,13.55
3/18/24 17:20,9.18
3/18/24 17:30,9.86
3/18/24 17:40,12.82
3/18/24 17:50,14.2
3/18/24 18:00,12.01
3/18/24 18:10,7.5
3/18/24 18:20,6.6
3/18/24 18:30,9.14
3/18/24 18:40,10.64
3/18/24 18:50,7.42
3/18/24 19:00,7.12
3/18/24 19:10,5.4
3/18/24 19:20,4.54
3/18/24 19:30,3.9
3/18/24 19:40,3.6
3/18/24 19:50,3.3
3/18/24 20:00,3.17
3/18/24 20:10,3
3/18/24 20:20,2.79
3/18/24 20:30,2.57
3/18/24 20:40,2.74
3/18/24 20:50,2.7
3/18/24 21:00,2.79
3/18/24 21:10,2.57
3/18/24 21:20,2.36
3/18/24 21:30,1.93
3/18/24 21:40,1.71
3/18/24 21:50,1.58
3/18/24 22:00,1.46
3/18/24 22:10,1.24
3/18/24 22:20,1.16
3/18/24 22:30,0.98
3/18/24 22:40,0.98
3/18/24 22:50,1.03
3/18/24 23:00,0.9
3/18/24 23:10,0.94
3/18/24 23:20,1.07
3/18/24 23:30,1.07
3/18/24 23:40,1.2
3/18/24 23:50,1.16
3/19/24 0:00,1.07
3/19/24 0:10,0.98
3/19/24 0:20,0.9
3/19/24 0:30,0.73
3/19/24 0:40,0.73
3/19/24 0:50,0.86
3/19/24 1:00,0.94
3/19/24 1:10,0.94
3/19/24 1:20,0.86
3/19/24 1:30,0.64
3/19/24 1:40,0.64
3/19/24 1:50,0.77
3/19/24 2:00,0.68
3/19/24 2:10,0.81
3/19/24 2:20,0.9
3/19/24 2:30,0.86
3/19/24 2:40,0.77
3/19/24 2:50,0.81
3/19/24 3:00,0.94
3/19/24 3:10,0.9
3/19/24 3:20,0.9
3/19/24 3:30,1.03
3/19/24 3:40,0.98
3/19/24 3:50,0.94
3/19/24 4:00,0.98
3/19/24 4:10,0.9
3/19/24 4:20,0.86
3/19/24 4:30,0.9
3/19/24 4:40,0.77
3/19/24 4:50,0.64
3/19/24 5:00,0.77
3/19/24 5:10,0.77
3/19/24 5:20,0.81
3/19/24 5:30,0.73
3/19/24 5:40,0.73
3/19/24 5:50,0.55
3/19/24 6:00,0.51
3/19/24 6:10,0.43
3/19/24 6:20,0.3
3/19/24 6:30,0.21
3/19/24 6:40,0.21
3/19/24 6:50,0.08
3/19/24 7:00,0.04
3/19/24 7:10,0.04
3/19/24 7:20,0.17
3/19/24 7:30,0.13
3/19/24 7:40,0.08
3/19/24 7:50,0.21
3/19/24 8:00,0.34
3/19/24 8:10,0.17
3/19/24 8:20,0.25
3/19/24 8:30,0.55
3/19/24 8:40,1.28
3/19/24 8:50,1.46
3/19/24 9:00,1.67
3/19/24 9:10,1.97
3/19/24 9:20,2.14
3/19/24 9:30,2.4
3/19/24 9:40,2.53
3/19/24 9:50,2.36
3/19/24 10:00,2.53
3/19/24 10:10,2.49
3/19/24 10:20,2.23
3/19/24 10:30,2.49
3/19/24 10:40,2.1
3/19/24 10:50,2.06
3/19/24 11:00,2.01
3/19/24 11:10,2.27
3/19/24 11:20,2.53
3/19/24 11:30,2.74
3/19/24 11:40,3
3/19/24 11:50,3.17
3/19/24 12:00,3.52
3/19/24 12:10,3.94
3/19/24 12:20,3.99
3/19/24 12:30,4.29
3/19/24 12:40,4.8
3/19/24 12:50,5.06
3/19/24 13:00,5.32
3/19/24 13:10,5.49
3/19/24 13:20,5.92
3/19/24 13:30,6.17
3/19/24 13:40,6.39
3/19/24 13:50,6.99
3/19/24 14:00,7.46
3/19/24 14:10,10.85
3/19/24 14:20,14.63
3/19/24 14:30,15.66
3/19/24 14:40,16.73
3/19/24 14:50,17.46
3/19/24 15:00,17.2
3/19/24 15:10,17.29
3/19/24 15:20,18.14
3/19/24 15:30,18.7
3/19/24 15:40,18.19
3/19/24 15:50,19.65
3/19/24 16:00,19.39
3/19/24 16:10,20.55
3/19/24 16:20,20.8
3/19/24 16:30,19.65
3/19/24 16:40,19.05
3/19/24 16:50,19.09
3/19/24 17:00,17.84
3/19/24 17:10,17.37
3/19/24 17:20,17.03
3/19/24 17:30,16.51
3/19/24 17:40,16.13
3/19/24 17:50,14.63
3/19/24 18:00,13
3/19/24 18:10,15.83
3/19/24 18:20,16.9
3/19/24 18:30,13.81
3/19/24 18:40,12.27
3/19/24 18:50,11.54
3/19/24 19:00,11.19
3/19/24 19:10,10.81
3/19/24 19:20,10.29
3/19/24 19:30,10.04
3/19/24 19:40,9.74
3/19/24 19:50,9.52
3/19/24 20:00,9.52
3/19/24 20:10,9.52
3/19/24 20:20,9.44
3/19/24 20:30,9.39
3/19/24 20:40,9.39
3/19/24 20:50,9.31
3/19/24 21:00,9.14
3/19/24 21:10,9.05
3/19/24 21:20,8.79
3/19/24 21:30,8.75
3/19/24 21:40,8.71
3/19/24 21:50,8.49
3/19/24 22:00,8.19
3/19/24 22:10,8.19
3/19/24 22:20,8.41
3/19/24 22:30,8.83
3/19/24 22:40,9.44
3/19/24 22:50,9.61
3/19/24 23:00,9.74
3/19/24 23:10,9.48
3/19/24 23:20,9.56
3/19/24 23:30,9.14
3/19/24 23:40,9.52
3/19/24 23:50,9.26
3/20/24 0:00,9.09
3/20/24 0:10,8.92
3/20/24 0:20,8.71
3/20/24 0:30,8.53
3/20/24 0:40,8.75
3/20/24 0:50,8.96
3/20/24 1:00,8.66
3/20/24 1:10,8.49
3/20/24 1:20,8.36
3/20/24 1:30,8.58
3/20/24 1:40,8.49
3/20/24 1:50,8.23
3/20/24 2:00,7.98
3/20/24 2:10,7.89
3/20/24 2:20,7.85
3/20/24 2:30,7.93
3/20/24 2:40,7.93
3/20/24 2:50,7.59
3/20/24 3:00,7.03
3/20/24 3:10,6.82
3/20/24 3:20,6.39
3/20/24 3:30,6.22
3/20/24 3:40,6.3
3/20/24 3:50,6.35
3/20/24 4:00,6.52
3/20/24 4:10,6.65
3/20/24 4:20,6.69
3/20/24 4:30,6.69
3/20/24 4:40,6.69
3/20/24 4:50,6.65
3/20/24 5:00,6.56
3/20/24 5:10,6.43
3/20/24 5:20,6.35
3/20/24 5:30,6
3/20/24 5:40,5.36
3/20/24 5:50,5.36
3/20/24 6:00,5.45
3/20/24 6:10,5.27
3/20/24 6:20,5.19
3/20/24 6:30,5.19
3/20/24 6:40,5.06
3/20/24 6:50,5.02
3/20/24 7:00,4.8
3/20/24 7:10,4.67
3/20/24 7:20,4.72
3/20/24 7:30,4.84
3/20/24 7:40,5.15
3/20/24 7:50,5.32
3/20/24 8:00,5.75
3/20/24 8:10,6.05
3/20/24 8:20,6.3
3/20/24 8:30,6.6
3/20/24 8:40,6.86
3/20/24 8:50,7.29
3/20/24 9:00,7.55
3/20/24 9:10,7.98
3/20/24 9:20,8.32
3/20/24 9:30,8.83
3/20/24 9:40,9.18
3/20/24 9:50,9.52
3/20/24 10:00,10.08
3/20/24 10:10,10.68
3/20/24 10:20,11.37
3/20/24 10:30,11.79
3/20/24 10:40,12.18
3/20/24 10:50,13.6
3/20/24 11:00,14.28
3/20/24 11:10,14.45
3/20/24 11:20,14.58
3/20/24 11:30,14.71
3/20/24 11:40,14.8
3/20/24 11:50,14.97
3/20/24 12:00,15.23
3/20/24 12:10,15.48
3/20/24 12:20,15.36
3/20/24 12:30,15.74
3/20/24 12:40,15.96
3/20/24 12:50,16.13
3/20/24 13:00,16.3
3/20/24 13:10,16.47
3/20/24 13:20,16.51
3/20/24 13:30,16.56
3/20/24 13:40,16.6
3/20/24 13:50,16.47
3/20/24 14:00,17.16
3/20/24 14:10,19.26
3/20/24 14:20,20.8
3/20/24 14:30,21.32
3/20/24 14:40,22.18
3/20/24 14:50,22.95
3/20/24 15:00,22.69
3/20/24 15:10,22.78
3/20/24 15:20,22.86
3/20/24 15:30,23.12
3/20/24 15:40,23.21
3/20/24 15:50,23.94
3/20/24 16:00,23.59
3/20/24 16:10,23.81
3/20/24 16:20,23.12
3/20/24 16:30,22.26
3/20/24 16:40,22.48
3/20/24 16:50,21.88
3/20/24 17:00,22.26
3/20/24 17:10,22.69
3/20/24 17:20,22.09
3/20/24 17:30,20.59
3/20/24 17:40,20.76
3/20/24 17:50,21.19
3/20/24 18:00,21.1
3/20/24 18:10,20.46
3/20/24 18:20,19.9
3/20/24 18:30,19.47
3/20/24 18:40,19.09
3/20/24 18:50,19.39
3/20/24 19:00,17.2
3/20/24 19:10,15.78
3/20/24 19:20,14.24
3/20/24 19:30,13.25
3/20/24 19:40,12.87
3/20/24 19:50,12.61
3/20/24 20:00,12.57
3/20/24 20:10,12.27
3/20/24 20:20,12.01
3/20/24 20:30,11.75
3/20/24 20:40,11.62
3/20/24 20:50,11.71
3/20/24 21:00,11.24
3/20/24 21:10,10.85
3/20/24 21:20,10.46
3/20/24 21:30,10.16
3/20/24 21:40,9.86
3/20/24 21:50,9.74
3/20/24 22:00,9.35
3/20/24 22:10,8.96
3/20/24 22:20,8.92
3/20/24 22:30,8.79
3/20/24 22:40,8.45
3/20/24 22:50,8.11
3/20/24 23:00,8.15
3/20/24 23:10,7.81
3/20/24 23:20,7.89
3/20/24 23:30,7.85
3/20/24 23:40,7.46
3/20/24 23:50,7.12
3/21/24 0:00,6.6
3/21/24 0:10,6.6
3/21/24 0:20,6.3
3/21/24 0:30,6.22
3/21/24 0:40,5.92
3/21/24 0:50,5.57
3/21/24 1:00,4.89
3/21/24 1:10,4.33
3/21/24 1:20,4.16
3/21/24 1:30,3.94
3/21/24 1:40,3.77
3/21/24 1:50,3.47
3/21/24 2:00,3.34
3/21/24 2:10,3.13
3/21/24 2:20,3.09
3/21/24 2:30,2.91
3/21/24 2:40,2.87
3/21/24 2:50,2.79
3/21/24 3:00,3
3/21/24 3:10,3.43
3/21/24 3:20,3.43
3/21/24 3:30,3.21
3/21/24 3:40,2.87
3/21/24 3:50,2.57
3/21/24 4:00,2.4
3/21/24 4:10,2.4
3/21/24 4:20,2.27
3/21/24 4:30,2.1
3/21/24 4:40,1.58
3/21/24 4:50,1.16
3/21/24 5:00,1.03
3/21/24 5:10,0.73
3/21/24 5:20,0.64
3/21/24 5:30,0.73
3/21/24 5:40,0.64
3/21/24 5:50,0.6
3/21/24 6:00,0.55
3/21/24 6:10,0.21
3/21/24 6:20,0.08
3/21/24 6:30,-0.13
3/21/24 6:40,-0.3
3/21/24 6:50,-0.6
3/21/24 7:00,-0.77
3/21/24 7:10,-0.86
3/21/24 7:20,-0.99
3/21/24 7:30,-0.99
3/21/24 7:40,-0.99
3/21/24 7:50,-0.9
3/21/24 8:00,-0.73
3/21/24 8:10,-0.6
3/21/24 8:20,-0.47
3/21/24 8:30,-0.17
3/21/24 8:40,-0.09
3/21/24 8:50,0.08
3/21/24 9:00,0.25
3/21/24 9:10,0.51
3/21/24 9:20,0.73
3/21/24 9:30,1.03
3/21/24 9:40,1.28
3/21/24 9:50,1.63
3/21/24 10:00,1.8
3/21/24 10:10,2.19
3/21/24 10:20,2.44
3/21/24 10:30,2.74
3/21/24 10:40,3
3/21/24 10:50,3.26
3/21/24 11:00,3.26
3/21/24 11:10,3.47
3/21/24 11:20,4.07
3/21/24 11:30,4.54
3/21/24 11:40,4.97
3/21/24 11:50,4.89
3/21/24 12:00,5.02
3/21/24 12:10,5.45
3/21/24 12:20,6.17
3/21/24 12:30,5.79
3/21/24 12:40,6.3
3/21/24 12:50,6.69
3/21/24 13:00,7.08
3/21/24 13:10,7.72
3/21/24 13:20,7.76
3/21/24 13:30,8.28
3/21/24 13:40,8.36
3/21/24 13:50,8.79
3/21/24 14:00,9.95
3/21/24 14:10,15.4
3/21/24 14:20,19.47
3/21/24 14:30,19.73
3/21/24 14:40,21.23
3/21/24 14:50,23.68
3/21/24 15:00,24.88
3/21/24 15:10,24.11
3/21/24 15:20,24.62
3/21/24 15:30,25.48
3/21/24 15:40,25.82
3/21/24 15:50,26.47
3/21/24 16:00,25.44
3/21/24 16:10,26.94
3/21/24 16:20,25.61
3/21/24 16:30,26.08
3/21/24 16:40,25.48
3/21/24 16:50,26.08
3/21/24 17:00,25.05
3/21/24 17:10,24.75
3/21/24 17:20,23.94
3/21/24 17:30,20.29
3/21/24 17:40,16.6
3/21/24 17:50,14.88
3/21/24 18:00,14.58
3/21/24 18:10,13.85
3/21/24 18:20,13.68
3/21/24 18:30,13.12
3/21/24 18:40,12.65
3/21/24 18:50,12.01
3/21/24 19:00,11.71
3/21/24 19:10,11.11
3/21/24 19:20,10.85
3/21/24 19:30,10.38
3/21/24 19:40,9.99
3/21/24 19:50,9.61
3/21/24 20:00,9.35
3/21/24 20:10,9.26
3/21/24 20:20,9.26
3/21/24 20:30,9.26
3/21/24 20:40,9.14
3/21/24 20:50,8.83
3/21/24 21:00,8.49
3/21/24 21:10,8.15
3/21/24 21:20,7.68
3/21/24 21:30,7.16
3/21/24 21:40,6.95
3/21/24 21:50,6.9
3/21/24 22:00,6.73
3/21/24 22:10,6.6
3/21/24 22:20,6.35
3/21/24 22:30,6.26
3/21/24 22:40,6.13
3/21/24 22:50,6
3/21/24 23:00,5.96
3/21/24 23:10,5.87
3/21/24 23:20,5.62
3/21/24 23:30,5.4
3/21/24 23:40,5.32
3/21/24 23:50,5.02
3/22/24 0:00,4.67
3/22/24 0:10,4.72
3/22/24 0:20,4.54
3/22/24 0:30,4.46
3/22/24 0:40,4.12
3/22/24 0:50,3.9
3/22/24 1:00,3.86
3/22/24 1:10,3.77
3/22/24 1:20,3.73
3/22/24 1:30,3.52
3/22/24 1:40,3.3
3/22/24 1:50,3.26
3/22/24 2:00,3.3
3/22/24 2:10,3.09
3/22/24 2:20,3
3/22/24 2:30,2.87
3/22/24 2:40,2.66
3/22/24 2:50,2.44
3/22/24 3:00,2.27
3/22/24 3:10,2.23
3/22/24 3:20,2.23
3/22/24 3:30,2.19
3/22/24 3:40,2.01
3/22/24 3:50,1.93
3/22/24 4:00,1.76
3/22/24 4:10,1.58
3/22/24 4:20,1.58
3/22/24 4:30,1.46
3/22/24 4:40,1.28
3/22/24 4:50,1.2
3/22/24 5:00,1.37
3/22/24 5:10,1.33
3/22/24 5:20,1.16
3/22/24 5:30,1.03
3/22/24 5:40,0.77
3/22/24 5:50,0.77
3/22/24 6:00,0.86
3/22/24 6:10,0.77
3/22/24 6:20,0.6
3/22/24 6:30,0.34
3/22/24 6:40,0.34
3/22/24 6:50,0.21
3/22/24 7:00,0.17
3/22/24 7:10,0.13
3/22/24 7:20,0.13
3/22/24 7:30,0.25
3/22/24 7:40,0.47
3/22/24 7:50,0.64
3/22/24 8:00,0.94
3/22/24 8:10,1.11
3/22/24 8:20,1.33
3/22/24 8:30,1.67
3/22/24 8:40,1.76
3/22/24 8:50,2.1
3/22/24 9:00,2.44
3/22/24 9:10,2.87
3/22/24 9:20,3.3
3/22/24 9:30,3.94
3/22/24 9:40,5.23
3/22/24 9:50,5.92
3/22/24 10:00,6.43
3/22/24 10:10,6.35
3/22/24 10:20,6.26
3/22/24 10:30,6.65
3/22/24 10:40,7.33
3/22/24 10:50,7.85
3/22/24 11:00,7.72
3/22/24 11:10,8.06
3/22/24 11:20,8.36
3/22/24 11:30,8.66
3/22/24 11:40,9.01
3/22/24 11:50,9.91
3/22/24 12:00,9.99
3/22/24 12:10,10.29
3/22/24 12:20,10.89
3/22/24 12:30,10.29
3/22/24 12:40,9.91
3/22/24 12:50,10.77
3/22/24 13:00,11.32
3/22/24 13:10,12.18
3/22/24 13:20,12.22
3/22/24 13:30,12.01
3/22/24 13:40,12.7
3/22/24 13:50,13
3/22/24 14:00,13.51
3/22/24 14:10,13.51
3/22/24 14:20,14.15
3/22/24 14:30,14.28
3/22/24 14:40,14.71
3/22/24 14:50,16.04
3/22/24 15:00,19.69
3/22/24 15:10,17.54
3/22/24 15:20,18.19
3/22/24 15:30,17.16
3/22/24 15:40,16.64
3/22/24 15:50,16.08
3/22/24 16:00,17.89
3/22/24 16:10,17.8
3/22/24 16:20,18.62
3/22/24 16:30,19.82
3/22/24 16:40,19.82
3/22/24 16:50,19.17
3/22/24 17:00,20.76
3/22/24 17:10,18.19
3/22/24 17:20,16.81
3/22/24 17:30,15.87
3/22/24 17:40,15.44
3/22/24 17:50,14.97
3/22/24 18:00,14.03
3/22/24 18:10,13.94
3/22/24 18:20,13.68
3/22/24 18:30,13.47
3/22/24 18:40,13
3/22/24 18:50,12.44
3/22/24 19:00,12.01
3/22/24 19:10,11.67
3/22/24 19:20,11.32
3/22/24 19:30,11.28
3/22/24 19:40,11.28
3/22/24 19:50,11.28
3/22/24 20:00,11.28
3/22/24 20:10,11.11
3/22/24 20:20,10.85
3/22/24 20:30,10.59
3/22/24 20:40,10.59
3/22/24 20:50,10.64
3/22/24 21:00,10.64
3/22/24 21:10,10.77
3/22/24 21:20,10.68
3/22/24 21:30,10.64
3/22/24 21:40,10.64
3/22/24 21:50,10.64
3/22/24 22:00,10.68
3/22/24 22:10,10.72
3/22/24 22:20,10.81
3/22/24 22:30,10.72
3/22/24 22:40,10.72
3/22/24 22:50,10.72
3/22/24 23:00,10.77
3/22/24 23:10,10.64
3/22/24 23:20,10.51
3/22/24 23:30,10.29
3/22/24 23:40,10.04
3/22/24 23:50,10.08
3/23/24 0:00,9.91
3/23/24 0:10,9.65
3/23/24 0:20,9.26
3/23/24 0:30,8.96
3/23/24 0:40,8.66
3/23/24 0:50,8.36
3/23/24 1:00,8.15
3/23/24 1:10,8.11
3/23/24 1:20,8.15
3/23/24 1:30,8.15
3/23/24 1:40,8.06
3/23/24 1:50,8.06
3/23/24 2:00,8.02
3/23/24 2:10,8.06
3/23/24 2:20,8.02
3/23/24 2:30,8.11
3/23/24 2:40,8.19
3/23/24 2:50,8.32
3/23/24 3:00,8.36
3/23/24 3:10,8.32
3/23/24 3:20,8.15
3/23/24 3:30,8.11
3/23/24 3:40,8.06
3/23/24 3:50,8.02
3/23/24 4:00,7.98
3/23/24 4:10,7.85
3/23/24 4:20,7.81
3/23/24 4:30,7.81
3/23/24 4:40,7.72
3/23/24 4:50,7.81
3/23/24 5:00,7.68
3/23/24 5:10,7.55
3/23/24 5:20,7.33
3/23/24 5:30,7.16
3/23/24 5:40,7.2
3/23/24 5:50,7.25
3/23/24 6:00,7.16
3/23/24 6:10,7.12
3/23/24 6:20,6.95
3/23/24 6:30,6.82
3/23/24 6:40,6.73
3/23/24 6:50,6.73
3/23/24 7:00,6.69
3/23/24 7:10,6.6
3/23/24 7:20,6.6
3/23/24 7:30,6.39
3/23/24 7:40,6.35
3/23/24 7:50,6.26
3/23/24 8:00,6.35
3/23/24 8:10,6.43
3/23/24 8:20,6.43
3/23/24 8:30,6.43
3/23/24 8:40,6.52
3/23/24 8:50,6.56
3/23/24 9:00,6.82
3/23/24 9:10,7.16
3/23/24 9:20,7.33
3/23/24 9:30,7.55
3/23/24 9:40,8.32
3/23/24 9:50,8.62
3/23/24 10:00,8.92
3/23/24 10:10,9.35
3/23/24 10:20,9.99
3/23/24 10:30,10.68
3/23/24 10:40,10.25
3/23/24 10:50,10.04
3/23/24 11:00,10.98
3/23/24 11:10,11.97
3/23/24 11:20,12.4
3/23/24 11:30,12.65
3/23/24 11:40,12.82
3/23/24 11:50,12.91
3/23/24 12:00,13.12
3/23/24 12:10,13.68
3/23/24 12:20,14.5
3/23/24 12:30,14.33
3/23/24 12:40,14.45
3/23/24 12:50,14.67
3/23/24 13:00,14.5
3/23/24 13:10,14.88
3/23/24 13:20,14.88
3/23/24 13:30,15.87
3/23/24 13:40,15.87
3/23/24 13:50,15.66
3/23/24 14:00,14.58
3/23/24 14:10,14.2
3/23/24 14:20,13.77
3/23/24 14:30,14.03
3/23/24 14:40,14.75
3/23/24 14:50,14.37
3/23/24 15:00,14.54
3/23/24 15:10,14.97
3/23/24 15:20,12.95
3/23/24 15:30,12.52
3/23/24 15:40,14.41
3/23/24 15:50,13.12
3/23/24 16:00,14.07
3/23/24 16:10,14.88
3/23/24 16:20,14.93
3/23/24 16:30,12.27
3/23/24 16:40,17.76
3/23/24 16:50,18.49
3/23/24 17:00,19.86
3/23/24 17:10,18.27
3/23/24 17:20,12.91
3/23/24 17:30,15.27
3/23/24 17:40,13.68
3/23/24 17:50,11.11
3/23/24 18:00,9.82
3/23/24 18:10,10.29
3/23/24 18:20,9.52
3/23/24 18:30,9.52
3/23/24 18:40,11.45
3/23/24 18:50,11.97
3/23/24 19:00,10.85
3/23/24 19:10,9.05
3/23/24 19:20,6.95
3/23/24 19:30,5.66
3/23/24 19:40,5.02
3/23/24 19:50,4.54
3/23/24 20:00,4.2
3/23/24 20:10,4.03
3/23/24 20:20,3.73
3/23/24 20:30,3.43
3/23/24 20:40,3.21
3/23/24 20:50,2.79
3/23/24 21:00,2.57
3/23/24 21:10,2.4
3/23/24 21:20,2.49
3/23/24 21:30,2.4
3/23/24 21:40,2.23
3/23/24 21:50,2.06
3/23/24 22:00,1.97
3/23/24 22:10,1.88
3/23/24 22:20,1.84
3/23/24 22:30,1.8
3/23/24 22:40,1.76
3/23/24 22:50,1.71
3/23/24 23:00,1.46
3/23/24 23:10,1.28
3/23/24 23:20,1.16
3/23/24 23:30,0.94
3/23/24 23:40,0.81
3/23/24 23:50,0.73
3/24/24 0:00,0.64
3/24/24 0:10,0.55
3/24/24 0:20,0.34
3/24/24 0:30,0.25
3/24/24 0:40,0.17
3/24/24 0:50,0.08
3/24/24 1:00,0.04
3/24/24 1:10,0
3/24/24 1:20,0.04
3/24/24 1:30,0.21
3/24/24 1:40,-0.13
3/24/24 1:50,-0.22
3/24/24 2:00,-0.35
3/24/24 2:10,-0.47
3/24/24 2:20,-0.56
3/24/24 2:30,-0.6
3/24/24 2:40,-0.6
3/24/24 2:50,-0.73
3/24/24 3:00,-0.9
3/24/24 3:10,-0.95
3/24/24 3:20,-1.08
3/24/24 3:30,-1.12
3/24/24 3:40,-1.2
3/24/24 3:50,-1.33
3/24/24 4:00,-1.46
3/24/24 4:10,-1.55
3/24/24 4:20,-1.55
3/24/24 4:30,-1.55
3/24/24 4:40,-1.72
3/24/24 4:50,-1.85
3/24/24 5:00,-1.85
3/24/24 5:10,-1.93
3/24/24 5:20,-2.06
3/24/24 5:30,-2.19
3/24/24 5:40,-2.28
3/24/24 5:50,-2.28
3/24/24 6:00,-2.49
3/24/24 6:10,-2.45
3/24/24 6:20,-2.45
3/24/24 6:30,-2.58
3/24/24 6:40,-2.62
3/24/24 6:50,-2.53
3/24/24 7:00,-2.71
3/24/24 7:10,-2.79
3/24/24 7:20,-2.71
3/24/24 7:30,-2.53
3/24/24 7:40,-2.49
3/24/24 7:50,-2.45
3/24/24 8:00,-2.1
3/24/24 8:10,-1.8
3/24/24 8:20,-1.55
3/24/24 8:30,-1.2
3/24/24 8:40,-0.82
3/24/24 8:50,-0.65
3/24/24 9:00,-0.52
3/24/24 9:10,-0.22
3/24/24 9:20,-0.05
3/24/24 9:30,0.08
3/24/24 9:40,0.21
3/24/24 9:50,0.51
3/24/24 10:00,0.68
3/24/24 10:10,1.03
3/24/24 10:20,1.24
3/24/24 10:30,1.5
3/24/24 10:40,1.67
3/24/24 10:50,2.01
3/24/24 11:00,2.27
3/24/24 11:10,2.4
3/24/24 11:20,2.74
3/24/24 11:30,2.91
3/24/24 11:40,2.96
3/24/24 11:50,3.39
3/24/24 12:00,3.64
3/24/24 12:10,3.82
3/24/24 12:20,4.16
3/24/24 12:30,4.63
3/24/24 12:40,4.89
3/24/24 12:50,4.97
3/24/24 13:00,5.57
3/24/24 13:10,5.62
3/24/24 13:20,5.96
3/24/24 13:30,6.35
3/24/24 13:40,6.69
3/24/24 13:50,7.16
3/24/24 14:00,8.11
3/24/24 14:10,14.93
3/24/24 14:20,17.07
3/24/24 14:30,18.06
3/24/24 14:40,18.74
3/24/24 14:50,20.25
3/24/24 15:00,21.92
3/24/24 15:10,23.55
3/24/24 15:20,22.48
3/24/24 15:30,23.98
3/24/24 15:40,23.76
3/24/24 15:50,24.62
3/24/24 16:00,24.54
3/24/24 16:10,24.36
3/24/24 16:20,24.58
3/24/24 16:30,23.85
3/24/24 16:40,23.76
3/24/24 16:50,24.15
3/24/24 17:00,23.98
3/24/24 17:10,23.94
3/24/24 17:20,23.21
3/24/24 17:30,23.21
3/24/24 17:40,22.69
3/24/24 17:50,21.92
3/24/24 18:00,21.4
3/24/24 18:10,20.98
3/24/24 18:20,20.8
3/24/24 18:30,19.82
3/24/24 18:40,19.26
3/24/24 18:50,17.97
3/24/24 19:00,16.21
3/24/24 19:10,14.8
3/24/24 19:20,12.31
3/24/24 19:30,10.51
3/24/24 19:40,9.39
3/24/24 19:50,8.79
3/24/24 20:00,8.41
3/24/24 20:10,8.06
3/24/24 20:20,7.68
3/24/24 20:30,7.42
3/24/24 20:40,7.08
3/24/24 20:50,6.86
3/24/24 21:00,6.65
3/24/24 21:10,6.48
3/24/24 21:20,6.26
3/24/24 21:30,5.96
3/24/24 21:40,5.66
3/24/24 21:50,5.4
3/24/24 22:00,5.1
3/24/24 22:10,4.89
3/24/24 22:20,4.67
3/24/24 22:30,4.42
3/24/24 22:40,4.24
3/24/24 22:50,4.03
3/24/24 23:00,3.94
3/24/24 23:10,3.82
3/24/24 23:20,3.6
3/24/24 23:30,3.56
3/24/24 23:40,3.52
3/24/24 23:50,3.39
3/25/24 0:00,3.26
3/25/24 0:10,3.17
3/25/24 0:20,3.04
3/25/24 0:30,2.7
3/25/24 0:40,2.49
3/25/24 0:50,2.49
3/25/24 1:00,2.27
3/25/24 1:10,2.14
3/25/24 1:20,2.19
3/25/24 1:30,2.01
3/25/24 1:40,1.8
3/25/24 1:50,1.67
3/25/24 2:00,1.58
3/25/24 2:10,1.46
3/25/24 2:20,1.41
3/25/24 2:30,1.37
3/25/24 2:40,1.03
3/25/24 2:50,1.03
3/25/24 3:00,0.9
3/25/24 3:10,0.77
3/25/24 3:20,0.73
3/25/24 3:30,0.6
3/25/24 3:40,0.3
3/25/24 3:50,0.13
3/25/24 4:00,-0.22
3/25/24 4:10,-0.17
3/25/24 4:20,-0.13
3/25/24 4:30,-0.35
3/25/24 4:40,-0.47
3/25/24 4:50,-0.52
3/25/24 5:00,-0.52
3/25/24 5:10,-0.6
3/25/24 5:20,-0.69
3/25/24 5:30,-0.6
3/25/24 5:40,-0.6
3/25/24 5:50,-0.56
3/25/24 6:00,-0.65
3/25/24 6:10,-0.69
3/25/24 6:20,-0.65
3/25/24 6:30,-0.82
3/25/24 6:40,-0.86
3/25/24 6:50,-0.99
3/25/24 7:00,-0.99
3/25/24 7:10,-0.95
3/25/24 7:20,-0.9
3/25/24 7:30,-0.82
3/25/24 7:40,-0.77
3/25/24 7:50,-0.73
3/25/24 8:00,-0.47
3/25/24 8:10,-0.22
3/25/24 8:20,0.13
3/25/24 8:30,0.43
3/25/24 8:40,0.6
3/25/24 8:50,1.03
3/25/24 9:00,1.63
3/25/24 9:10,2.14
3/25/24 9:20,2.61
3/25/24 9:30,3.17
3/25/24 9:40,3.82
3/25/24 9:50,4.24
3/25/24 10:00,4.54
3/25/24 10:10,4.76
3/25/24 10:20,5.06
3/25/24 10:30,5.27
3/25/24 10:40,5.75
3/25/24 10:50,5.96
3/25/24 11:00,6.17
3/25/24 11:10,6.26
3/25/24 11:20,6.6
3/25/24 11:30,6.99
3/25/24 11:40,7.03
3/25/24 11:50,7.55
3/25/24 12:00,7.81
3/25/24 12:10,8.15
3/25/24 12:20,8.06
3/25/24 12:30,8.62
3/25/24 12:40,9.09
3/25/24 12:50,9.52
3/25/24 13:00,9.78
3/25/24 13:10,10.12
3/25/24 13:20,10.46
3/25/24 13:30,10.64
3/25/24 13:40,11.02
3/25/24 13:50,11.54
3/25/24 14:00,12.31
3/25/24 14:10,17.67
3/25/24 14:20,19.35
3/25/24 14:30,21.06
3/25/24 14:40,23.21
3/25/24 14:50,23.55
3/25/24 15:00,23.81
3/25/24 15:10,24.75
3/25/24 15:20,26.42
3/25/24 15:30,26.42
3/25/24 15:40,26.68
3/25/24 15:50,26.51
3/25/24 16:00,27.84
3/25/24 16:10,27.2
3/25/24 16:20,27.71
3/25/24 16:30,27.15
3/25/24 16:40,28.7
3/25/24 16:50,27.71
3/25/24 17:00,26.77
3/25/24 17:10,27.88
3/25/24 17:20,27.67
3/25/24 17:30,27.67
3/25/24 17:40,27.63
3/25/24 17:50,27.45
3/25/24 18:00,25.69
3/25/24 18:10,24.54
3/25/24 18:20,24.02
3/25/24 18:30,24.02
3/25/24 18:40,22.56
3/25/24 18:50,21.49
3/25/24 19:00,19.6
3/25/24 19:10,18.57
3/25/24 19:20,16.21
3/25/24 19:30,13.85
3/25/24 19:40,12.74
3/25/24 19:50,12.22
3/25/24 20:00,11.75
3/25/24 20:10,11.32
3/25/24 20:20,11.07
3/25/24 20:30,10.72
3/25/24 20:40,10.51
3/25/24 20:50,10.42
3/25/24 21:00,10.38
3/25/24 21:10,10.21
3/25/24 21:20,10.08
3/25/24 21:30,9.99
3/25/24 21:40,9.78
3/25/24 21:50,9.74
3/25/24 22:00,9.61
3/25/24 22:10,9.39
3/25/24 22:20,9.22
3/25/24 22:30,8.92
3/25/24 22:40,8.83
3/25/24 22:50,8.58
3/25/24 23:00,8.32
3/25/24 23:10,8.15
3/25/24 23:20,7.89
3/25/24 23:30,7.81
3/25/24 23:40,7.63
3/25/24 23:50,7.5
3/26/24 0:00,7.55
3/26/24 0:10,7.46
3/26/24 0:20,7.29
3/26/24 0:30,7.12
3/26/24 0:40,6.99
3/26/24 0:50,6.95
3/26/24 1:00,6.78
3/26/24 1:10,6.69
3/26/24 1:20,6.52
3/26/24 1:30,6.35
3/26/24 1:40,6.22
3/26/24 1:50,6.17
3/26/24 2:00,6
3/26/24 2:10,5.87
3/26/24 2:20,5.79
3/26/24 2:30,5.7
3/26/24 2:40,5.53
3/26/24 2:50,5.45
3/26/24 3:00,5.27
3/26/24 3:10,5.4
3/26/24 3:20,5.1
3/26/24 3:30,4.97
3/26/24 3:40,4.72
3/26/24 3:50,4.5
3/26/24 4:00,4.33
3/26/24 4:10,4.33
3/26/24 4:20,4.33
3/26/24 4:30,4.2
3/26/24 4:40,3.9
3/26/24 4:50,3.99
3/26/24 5:00,3.99
3/26/24 5:10,3.82
3/26/24 5:20,3.69
3/26/24 5:30,3.64
3/26/24 5:40,3.64
3/26/24 5:50,3.77
3/26/24 6:00,3.9
3/26/24 6:10,3.73
3/26/24 6:20,3.86
3/26/24 6:30,3.47
3/26/24 6:40,3.43
3/26/24 6:50,3.47
3/26/24 7:00,3.56
3/26/24 7:10,3.43
3/26/24 7:20,3.43
3/26/24 7:30,3.39
3/26/24 7:40,3.56
3/26/24 7:50,3.73
3/26/24 8:00,4.03
3/26/24 8:10,4.37
3/26/24 8:20,4.63
3/26/24 8:30,4.93
3/26/24 8:40,5.19
3/26/24 8:50,5.23
3/26/24 9:00,5.19
3/26/24 9:10,5.4
3/26/24 9:20,5.79
3/26/24 9:30,6.05
3/26/24 9:40,6.26
3/26/24 9:50,6.69
3/26/24 10:00,7.03
3/26/24 10:10,7.55
3/26/24 10:20,8.02
3/26/24 10:30,8.49
3/26/24 10:40,9.56
3/26/24 10:50,10.16
3/26/24 11:00,11.15
3/26/24 11:10,11.15
3/26/24 11:20,11.58
3/26/24 11:30,12.4
3/26/24 11:40,13.17
3/26/24 11:50,13.64
3/26/24 12:00,13.12
3/26/24 12:10,13.73
3/26/24 12:20,13.94
3/26/24 12:30,14.11
3/26/24 12:40,14.54
3/26/24 12:50,14.67
3/26/24 13:00,15.61
3/26/24 13:10,15.31
3/26/24 13:20,15.14
3/26/24 13:30,14.75
3/26/24 13:40,14.93
3/26/24 13:50,15.18
3/26/24 14:00,15.66
3/26/24 14:10,15.87
3/26/24 14:20,16
3/26/24 14:30,16.64
3/26/24 14:40,15.44
3/26/24 14:50,14.88
3/26/24 15:00,14.75
3/26/24 15:10,16.39
3/26/24 15:20,16.43
3/26/24 15:30,17.16
3/26/24 15:40,17.29
3/26/24 15:50,16
3/26/24 16:00,15.91
3/26/24 16:10,15.53
3/26/24 16:20,15.53
3/26/24 16:30,14.97
3/26/24 16:40,14.58
3/26/24 16:50,14.45
3/26/24 17:00,14.03
3/26/24 17:10,13.81
3/26/24 17:20,13.47
3/26/24 17:30,13.21
3/26/24 17:40,12.74
3/26/24 17:50,11.79
3/26/24 18:00,10.85
3/26/24 18:10,9.61
3/26/24 18:20,9.22
3/26/24 18:30,8.96
3/26/24 18:40,8.96
3/26/24 18:50,8.96
3/26/24 19:00,8.88
3/26/24 19:10,8.66
3/26/24 19:20,8.58
3/26/24 19:30,8.45
3/26/24 19:40,8.49
3/26/24 19:50,8.45
3/26/24 20:00,8.53
3/26/24 20:10,8.49
3/26/24 20:20,8.53
3/26/24 20:30,8.49
3/26/24 20:40,8.36
3/26/24 20:50,8.49
3/26/24 21:00,8.66
3/26/24 21:10,8.75
3/26/24 21:20,8.88
3/26/24 21:30,8.92
3/26/24 21:40,8.92
3/26/24 21:50,8.92
3/26/24 22:00,8.88
3/26/24 22:10,8.75
3/26/24 22:20,8.92
3/26/24 22:30,9.01
3/26/24 22:40,8.88
3/26/24 22:50,8.92
3/26/24 23:00,8.92
3/26/24 23:10,8.92
3/26/24 23:20,8.88
3/26/24 23:30,8.83
3/26/24 23:40,8.79
3/26/24 23:50,8.88
3/27/24 0:00,8.88
3/27/24 0:10,9.05
3/27/24 0:20,9.14
3/27/24 0:30,9.18
3/27/24 0:40,9.09
3/27/24 0:50,9.09
3/27/24 1:00,9.01
3/27/24 1:10,9.01
3/27/24 1:20,9.05
3/27/24 1:30,9.14
3/27/24 1:40,9.09
3/27/24 1:50,9.18
3/27/24 2:00,9.09
3/27/24 2:10,9.09
3/27/24 2:20,9.01
3/27/24 2:30,9.14
3/27/24 2:40,9.14
3/27/24 2:50,9.14
3/27/24 3:00,9.22
3/27/24 3:10,9.31
3/27/24 3:20,9.31
3/27/24 3:30,9.39
3/27/24 3:40,9.44
3/27/24 3:50,9.39
3/27/24 4:00,9.52
3/27/24 4:10,9.52
3/27/24 4:20,9.56
3/27/24 4:30,9.56
3/27/24 4:40,9.65
3/27/24 4:50,9.69
3/27/24 5:00,9.74
3/27/24 5:10,9.65
3/27/24 5:20,9.48
3/27/24 5:30,9.35
3/27/24 5:40,9.31
3/27/24 5:50,9.22
3/27/24 6:00,8.92
3/27/24 6:10,8.66
3/27/24 6:20,8.58
3/27/24 6:30,8.28
3/27/24 6:40,8.19
3/27/24 6:50,8.11
3/27/24 7:00,8.19
3/27/24 7:10,8.23
3/27/24 7:20,8.19
3/27/24 7:30,8.28
3/27/24 7:40,8.11
3/27/24 7:50,8.19
3/27/24 8:00,8.28
3/27/24 8:10,8.41
3/27/24 8:20,8.41
3/27/24 8:30,8.53
3/27/24 8:40,8.49
3/27/24 8:50,8.66
3/27/24 9:00,8.75
3/27/24 9:10,8.92
3/27/24 9:20,9.22
3/27/24 9:30,9.74
3/27/24 9:40,10.34
3/27/24 9:50,10.12
3/27/24 10:00,10.16
3/27/24 10:10,10.25
3/27/24 10:20,10.51
3/27/24 10:30,10.64
3/27/24 10:40,11.84
3/27/24 10:50,11.84
3/27/24 11:00,11.71
3/27/24 11:10,12.7
3/27/24 11:20,12.95
3/27/24 11:30,13.25
3/27/24 11:40,13.34
3/27/24 11:50,13.43
3/27/24 12:00,12.35
3/27/24 12:10,12.82
3/27/24 12:20,13.17
3/27/24 12:30,13.85
3/27/24 12:40,14.11
3/27/24 12:50,15.27
3/27/24 13:00,14.58
3/27/24 13:10,13.94
3/27/24 13:20,14.84
3/27/24 13:30,15.61
3/27/24 13:40,14.8
3/27/24 13:50,14.88
3/27/24 14:00,14.71
3/27/24 14:10,14.75
3/27/24 14:20,14.71
3/27/24 14:30,15.1
3/27/24 14:40,15.53
3/27/24 14:50,15.66
3/27/24 15:00,15.57
3/27/24 15:10,16.17
3/27/24 15:20,17.29
3/27/24 15:30,17.59
3/27/24 15:40,18.83
3/27/24 15:50,18.19
3/27/24 16:00,18.57
3/27/24 16:10,18.92
3/27/24 16:20,19.17
3/27/24 16:30,19.56
3/27/24 16:40,19.9
3/27/24 16:50,21.28
3/27/24 17:00,23.42
3/27/24 17:10,21.45
3/27/24 17:20,18.02
3/27/24 17:30,17.72
3/27/24 17:40,17.72
3/27/24 17:50,20.07
3/27/24 18:00,20.89
3/27/24 18:10,17.76
3/27/24 18:20,16.73
3/27/24 18:30,16.08
3/27/24 18:40,15.48
3/27/24 18:50,15.27
3/27/24 19:00,15.01
3/27/24 19:10,14.54
3/27/24 19:20,14.41
3/27/24 19:30,14.11
3/27/24 19:40,13.85
3/27/24 19:50,13.77
3/27/24 20:00,13.81
3/27/24 20:10,13.85
3/27/24 20:20,13.85
3/27/24 20:30,13.47
3/27/24 20:40,13.34
3/27/24 20:50,13.47
3/27/24 21:00,13.47
3/27/24 21:10,13.55
3/27/24 21:20,13.38
3/27/24 21:30,13.3
3/27/24 21:40,13.17
3/27/24 21:50,12.95
3/27/24 22:00,12.82
3/27/24 22:10,12.61
3/27/24 22:20,12.52
3/27/24 22:30,12.4
3/27/24 22:40,12.01
3/27/24 22:50,11.67
3/27/24 23:00,11.84
3/27/24 23:10,12.05
3/27/24 23:20,12.14
3/27/24 23:30,11.88
3/27/24 23:40,11.45
3/27/24 23:50,11.32
3/28/24 0:00,11.45
3/28/24 0:10,11.32
3/28/24 0:20,11.24
3/28/24 0:30,11.15
3/28/24 0:40,11.15
3/28/24 0:50,10.89
3/28/24 1:00,10.68
3/28/24 1:10,10.68
3/28/24 1:20,10.59
3/28/24 1:30,10.59
3/28/24 1:40,10.46
3/28/24 1:50,10.55
3/28/24 2:00,10.38
3/28/24 2:10,10.21
3/28/24 2:20,9.95
3/28/24 2:30,9.91
3/28/24 2:40,9.74
3/28/24 2:50,9.35
3/28/24 3:00,9.18
3/28/24 3:10,9.14
3/28/24 3:20,9.05
3/28/24 3:30,9.05
3/28/24 3:40,9.18
3/28/24 3:50,9.35
3/28/24 4:00,9.48
3/28/24 4:10,9.35
3/28/24 4:20,9.31
3/28/24 4:30,9.22
3/28/24 4:40,9.31
3/28/24 4:50,9.26
3/28/24 5:00,9.18
3/28/24 5:10,9.18
3/28/24 5:20,9.18
3/28/24 5:30,9.14
3/28/24 5:40,9.05
3/28/24 5:50,9.05
3/28/24 6:00,9.09
3/28/24 6:10,9.14
3/28/24 6:20,9.26
3/28/24 6:30,9.18
3/28/24 6:40,9.09
3/28/24 6:50,9.09
3/28/24 7:00,9.09
3/28/24 7:10,9.14
3/28/24 7:20,9.09
3/28/24 7:30,9.22
3/28/24 7:40,9.22
3/28/24 7:50,9.35
3/28/24 8:00,9.48
3/28/24 8:10,9.82
3/28/24 8:20,10.08
3/28/24 8:30,9.74
3/28/24 8:40,9.69
3/28/24 8:50,9.56
3/28/24 9:00,9.48
3/28/24 9:10,9.35
3/28/24 9:20,9.39
3/28/24 9:30,9.61
3/28/24 9:40,9.99
3/28/24 9:50,10.42
3/28/24 10:00,10.25
3/28/24 10:10,10.04
3/28/24 10:20,10.59
3/28/24 10:30,10.94
3/28/24 10:40,11.41
3/28/24 10:50,11.28
3/28/24 11:00,11.15
3/28/24 11:10,12.01
3/28/24 11:20,12.65
3/28/24 11:30,12.95
3/28/24 11:40,12.82
3/28/24 11:50,11.97
3/28/24 12:00,11.75
3/28/24 12:10,12.52
3/28/24 12:20,13.38
3/28/24 12:30,14.2
3/28/24 12:40,14.58
3/28/24 12:50,14.54
3/28/24 13:00,15.23
3/28/24 13:10,15.36
3/28/24 13:20,15.61
3/28/24 13:30,15.74
3/28/24 13:40,16.13
3/28/24 13:50,16.47
3/28/24 14:00,16.6
3/28/24 14:10,18.27
3/28/24 14:20,18.53
3/28/24 14:30,18.53
3/28/24 14:40,18.66
3/28/24 14:50,19.13
3/28/24 15:00,18.66
3/28/24 15:10,18.7
3/28/24 15:20,18.96
3/28/24 15:30,19
3/28/24 15:40,18.06
3/28/24 15:50,21.79
3/28/24 16:00,24.79
3/28/24 16:10,25.18
3/28/24 16:20,25.22
3/28/24 16:30,25.87
3/28/24 16:40,26.68
3/28/24 16:50,26.64
3/28/24 17:00,25.48
3/28/24 17:10,25.09
3/28/24 17:20,25.39
3/28/24 17:30,27.67
3/28/24 17:40,27.58
3/28/24 17:50,27.24
3/28/24 18:00,26.21
3/28/24 18:10,25.87
3/28/24 18:20,24.71
3/28/24 18:30,23.38
3/28/24 18:40,22.35
3/28/24 18:50,21.28
3/28/24 19:00,19.47
3/28/24 19:10,17.46
3/28/24 19:20,14.67
3/28/24 19:30,11.92
3/28/24 19:40,10.64
3/28/24 19:50,9.99
3/28/24 20:00,9.52
3/28/24 20:10,9.14
3/28/24 20:20,8.92
3/28/24 20:30,8.79
3/28/24 20:40,8.49
3/28/24 20:50,8.41
3/28/24 21:00,8.28
3/28/24 21:10,8.11
3/28/24 21:20,7.98
3/28/24 21:30,7.98
3/28/24 21:40,7.89
3/28/24 21:50,7.76
3/28/24 22:00,7.81
3/28/24 22:10,7.72
3/28/24 22:20,7.59
3/28/24 22:30,7.59
3/28/24 22:40,7.46
3/28/24 22:50,7.38
3/28/24 23:00,7.33
3/28/24 23:10,7.33
3/28/24 23:20,7.03
3/28/24 23:30,6.78
3/28/24 23:40,6.6
3/28/24 23:50,6.69
3/29/24 0:00,6.69
3/29/24 0:10,6.9
3/29/24 0:20,6.86
3/29/24 0:30,6.9
3/29/24 0:40,6.82
3/29/24 0:50,6.78
3/29/24 1:00,6.56
3/29/24 1:10,6.65
3/29/24 1:20,6.78
3/29/24 1:30,6.52
3/29/24 1:40,6.52
3/29/24 1:50,6.56
3/29/24 2:00,6.56
3/29/24 2:10,6.86
3/29/24 2:20,6.86
3/29/24 2:30,6.9
3/29/24 2:40,7.12
3/29/24 2:50,7.2
3/29/24 3:00,6.99
3/29/24 3:10,6.69
3/29/24 3:20,6.69
3/29/24 3:30,6.69
3/29/24 3:40,6.69
3/29/24 3:50,6.6
3/29/24 4:00,6.78
3/29/24 4:10,6.73
3/29/24 4:20,6.73
3/29/24 4:30,6.95
3/29/24 4:40,7.38
3/29/24 4:50,7.33
3/29/24 5:00,7.42
3/29/24 5:10,7.38
3/29/24 5:20,7.46
3/29/24 5:30,7.59
3/29/24 5:40,7.59
3/29/24 5:50,7.63
3/29/24 6:00,7.63
3/29/24 6:10,7.55
3/29/24 6:20,7.38
3/29/24 6:30,6.69
3/29/24 6:40,6.56
3/29/24 6:50,6.39
3/29/24 7:00,6.22
3/29/24 7:10,6.48
3/29/24 7:20,6.48
3/29/24 7:30,6.3
3/29/24 7:40,6.17
3/29/24 7:50,6.35
3/29/24 8:00,6.43
3/29/24 8:10,7.12
3/29/24 8:20,8.02
3/29/24 8:30,8.83
3/29/24 8:40,9.35
3/29/24 8:50,9.48
3/29/24 9:00,10.04
3/29/24 9:10,11.11
3/29/24 9:20,12.18
3/29/24 9:30,12.27
3/29/24 9:40,12.78
3/29/24 9:50,12.65
3/29/24 10:00,12.91
3/29/24 10:10,12.91
3/29/24 10:20,13.3
3/29/24 10:30,13.51
3/29/24 10:40,13.3
3/29/24 10:50,13.17
3/29/24 11:00,13.77
3/29/24 11:10,13.64
3/29/24 11:20,14.5
3/29/24 11:30,14.5
3/29/24 11:40,14.45
3/29/24 11:50,14.67
3/29/24 12:00,14.37
3/29/24 12:10,14.63
3/29/24 12:20,14.54
3/29/24 12:30,14.75
3/29/24 12:40,15.01
3/29/24 12:50,14.93
3/29/24 13:00,15.1
3/29/24 13:10,15.14
3/29/24 13:20,15.36
3/29/24 13:30,15.87
3/29/24 13:40,15.7
3/29/24 13:50,16.21
3/29/24 14:00,16.56
3/29/24 14:10,21.32
3/29/24 14:20,22.26
3/29/24 14:30,23.25
3/29/24 14:40,23.34
3/29/24 14:50,23.98
3/29/24 15:00,24.75
3/29/24 15:10,23.89
3/29/24 15:20,25.27
3/29/24 15:30,25.57
3/29/24 15:40,26.12
3/29/24 15:50,27.63
3/29/24 16:00,29.38
3/29/24 16:10,29.17
3/29/24 16:20,29.13
3/29/24 16:30,29
3/29/24 16:40,29.13
3/29/24 16:50,29.73
3/29/24 17:00,29.86
3/29/24 17:10,29.21
3/29/24 17:20,29.04
3/29/24 17:30,29.34
3/29/24 17:40,28.95
3/29/24 17:50,29.17
3/29/24 18:00,28.78
3/29/24 18:10,28.35
3/29/24 18:20,28.4
3/29/24 18:30,27.24
3/29/24 18:40,26.55
3/29/24 18:50,25.44
3/29/24 19:00,23.89
3/29/24 19:10,21.7
3/29/24 19:20,19.43
3/29/24 19:30,16.9
3/29/24 19:40,15.53
3/29/24 19:50,14.71
3/29/24 20:00,14.24
3/29/24 20:10,14.03
3/29/24 20:20,13.55
3/29/24 20:30,13.77
3/29/24 20:40,13.51
3/29/24 20:50,13.55
3/29/24 21:00,13.6
3/29/24 21:10,13.17
3/29/24 21:20,13.08
3/29/24 21:30,12.82
3/29/24 21:40,12.44
3/29/24 21:50,12.31
3/29/24 22:00,11.67
3/29/24 22:10,11.32
3/29/24 22:20,11.02
3/29/24 22:30,10.55
3/29/24 22:40,10.42
3/29/24 22:50,10.25
3/29/24 23:00,9.95
3/29/24 23:10,9.78
3/29/24 23:20,9.61
3/29/24 23:30,10.04
3/29/24 23:40,9.69
3/29/24 23:50,9.48
3/30/24 0:00,9.09
3/30/24 0:10,9.01
3/30/24 0:20,8.88
3/30/24 0:30,8.71
3/30/24 0:40,8.79
3/30/24 0:50,9.14
3/30/24 1:00,8.58
3/30/24 1:10,8.41
3/30/24 1:20,8.28
3/30/24 1:30,8.36
3/30/24 1:40,8.53
3/30/24 1:50,8.71
3/30/24 2:00,8.71
3/30/24 2:10,8.62
3/30/24 2:20,8.49
3/30/24 2:30,8.19
3/30/24 2:40,7.98
3/30/24 2:50,8.32
3/30/24 3:00,8.32
3/30/24 3:10,8.41
3/30/24 3:20,8.23
3/30/24 3:30,8.15
3/30/24 3:40,7.76
3/30/24 3:50,8.19
3/30/24 4:00,7.72
3/30/24 4:10,7.98
3/30/24 4:20,7.89
3/30/24 4:30,7.68
3/30/24 4:40,8.15
3/30/24 4:50,8.02
3/30/24 5:00,7.98
3/30/24 5:10,7.93
3/30/24 5:20,7.59
3/30/24 5:30,7.16
3/30/24 5:40,7.16
3/30/24 5:50,6.78
3/30/24 6:00,6.6
3/30/24 6:10,6.48
3/30/24 6:20,6.3
3/30/24 6:30,6.48
3/30/24 6:40,6.65
3/30/24 6:50,6.69
3/30/24 7:00,6.82
3/30/24 7:10,6.86
3/30/24 7:20,6.95
3/30/24 7:30,7.08
3/30/24 7:40,7.38
3/30/24 7:50,7.72
3/30/24 8:00,7.93
3/30/24 8:10,8.23
3/30/24 8:20,9.01
3/30/24 8:30,9.61
3/30/24 8:40,10.68
3/30/24 8:50,11.49
3/30/24 9:00,12.18
3/30/24 9:10,12.91
3/30/24 9:20,13.81
3/30/24 9:30,14.71
3/30/24 9:40,14.93
3/30/24 9:50,15.18
3/30/24 10:00,15.01
3/30/24 10:10,14.88
3/30/24 10:20,15.44
3/30/24 10:30,15.61
3/30/24 10:40,16
3/30/24 10:50,16.64
3/30/24 11:00,17.59
3/30/24 11:10,17.54
3/30/24 11:20,17.59
3/30/24 11:30,17.8
3/30/24 11:40,18.4
3/30/24 11:50,18.87
3/30/24 12:00,19.43
3/30/24 12:10,20.25
3/30/24 12:20,20.76
3/30/24 12:30,20.5
3/30/24 12:40,20.16
3/30/24 12:50,20.07
3/30/24 13:00,20.68
3/30/24 13:10,20.98
3/30/24 13:20,22.05
3/30/24 13:30,22.39
3/30/24 13:40,23.34
3/30/24 13:50,24.06
3/30/24 14:00,24.32
3/30/24 14:10,25.87
3/30/24 14:20,26.12
3/30/24 14:30,24.88
3/30/24 14:40,29.17
3/30/24 14:50,29.38
3/30/24 15:00,32.34
3/30/24 15:10,33.37
3/30/24 15:20,35.26
3/30/24 15:30,31.4
3/30/24 15:40,31.44
3/30/24 15:50,29.9
3/30/24 16:00,24.45
3/30/24 16:10,23.25
3/30/24 16:20,23.38
3/30/24 16:30,22.78
3/30/24 16:40,23.03
3/30/24 16:50,23.76
3/30/24 17:00,24.71
3/30/24 17:10,22.78
3/30/24 17:20,24.24
3/30/24 17:30,28.35
3/30/24 17:40,25.14
3/30/24 17:50,32.86
3/30/24 18:00,32.73
3/30/24 18:10,33.03
3/30/24 18:20,32.77
3/30/24 18:30,31.1
3/30/24 18:40,31.49
3/30/24 18:50,29.56
3/30/24 19:00,29
3/30/24 19:10,25.74
3/30/24 19:20,24.75
3/30/24 19:30,22.22
3/30/24 19:40,20.98
3/30/24 19:50,20.37
3/30/24 20:00,20.16
3/30/24 20:10,19.99
3/30/24 20:20,19.82
3/30/24 20:30,19.47
3/30/24 20:40,19.43
3/30/24 20:50,19.56
3/30/24 21:00,19.73
3/30/24 21:10,19.69
3/30/24 21:20,19.43
3/30/24 21:30,19.6
3/30/24 21:40,19.69
3/30/24 21:50,19.6
3/30/24 22:00,19.56
3/30/24 22:10,19.35
3/30/24 22:20,19.47
3/30/24 22:30,18.36
3/30/24 22:40,13.6
3/30/24 22:50,13.04
3/30/24 23:00,13.17
3/30/24 23:10,13.21
3/30/24 23:20,13
3/30/24 23:30,13.08
3/30/24 23:40,13.21
3/30/24 23:50,13.12
3/31/24 0:00,13.43
3/31/24 0:10,13.17
3/31/24 0:20,13.21
3/31/24 0:30,13.47
3/31/24 0:40,13.17
3/31/24 0:50,13.12
3/31/24 1:00,12.95
3/31/24 1:10,13.25
3/31/24 1:20,12.95
3/31/24 1:30,13.12
3/31/24 1:40,13.38
3/31/24 1:50,13.34
3/31/24 2:00,13.08
3/31/24 2:10,13.04
3/31/24 2:20,13.47
3/31/24 2:30,12.91
3/31/24 2:40,12.74
3/31/24 2:50,12.95
3/31/24 3:00,12.57
3/31/24 3:10,12.31
3/31/24 3:20,12.14
3/31/24 3:30,12.57
3/31/24 3:40,12.27
3/31/24 3:50,12.05
3/31/24 4:00,11.88
3/31/24 4:10,11.84
3/31/24 4:20,12.01
3/31/24 4:30,11.58
3/31/24 4:40,11.54
3/31/24 4:50,11.58
3/31/24 5:00,11.24
3/31/24 5:10,11.24
3/31/24 5:20,11.19
3/31/24 5:30,11.02
3/31/24 5:40,10.89
3/31/24 5:50,10.85
3/31/24 6:00,10.85
3/31/24 6:10,10.77
3/31/24 6:20,10.59
3/31/24 6:30,10.85
3/31/24 6:40,10.64
3/31/24 6:50,10.38
3/31/24 7:00,10.46
3/31/24 7:10,10.46
3/31/24 7:20,10.59
3/31/24 7:30,10.42
3/31/24 7:40,10.55
3/31/24 7:50,10.64
3/31/24 8:00,10.94
3/31/24 8:10,11.41
3/31/24 8:20,11.67
3/31/24 8:30,12.1
3/31/24 8:40,12.35
3/31/24 8:50,13.25
3/31/24 9:00,14.33
3/31/24 9:10,15.66
3/31/24 9:20,16.43
3/31/24 9:30,17.16
3/31/24 9:40,17.84
3/31/24 9:50,18.57
3/31/24 10:00,18.7
3/31/24 10:10,19.39
3/31/24 10:20,18.66
3/31/24 10:30,18.7
3/31/24 10:40,18.19
3/31/24 10:50,17.93
3/31/24 11:00,17.67
3/31/24 11:10,17.72
3/31/24 11:20,19.3
3/31/24 11:30,20.07
3/31/24 11:40,20.55
3/31/24 11:50,21.32
3/31/24 12:00,21.32
3/31/24 12:10,20.8
3/31/24 12:20,20.46
3/31/24 12:30,20.59
3/31/24 12:40,20.89
3/31/24 12:50,19.86
3/31/24 13:00,20.89
3/31/24 13:10,20.5
3/31/24 13:20,20.29
3/31/24 13:30,19.99
3/31/24 13:40,20.07
3/31/24 13:50,19.26
3/31/24 14:00,19.6
3/31/24 14:10,22.18
3/31/24 14:20,23.59
3/31/24 14:30,22.05
3/31/24 14:40,20.98
3/31/24 14:50,19.82
3/31/24 15:00,18.83
3/31/24 15:10,18.19
3/31/24 15:20,16.51
3/31/24 15:30,15.96
3/31/24 15:40,16.39
3/31/24 15:50,22.22
3/31/24 16:00,21.49
3/31/24 16:10,23.76
3/31/24 16:20,33.85
3/31/24 16:30,27.37
3/31/24 16:40,23.46
3/31/24 16:50,21.36
3/31/24 17:00,19.17
3/31/24 17:10,18.57
3/31/24 17:20,19.05
3/31/24 17:30,20.2
3/31/24 17:40,21.75
3/31/24 17:50,27.71
3/31/24 18:00,21.4
3/31/24 18:10,24.24
3/31/24 18:20,20.55
3/31/24 18:30,19.56
3/31/24 18:40,24.79
3/31/24 18:50,25.44
3/31/24 19:00,20.85
3/31/24 19:10,18.87
3/31/24 19:20,18.06
3/31/24 19:30,17.5
3/31/24 19:40,17.16
3/31/24 19:50,16.86
3/31/24 20:00,16.08
3/31/24 20:10,16.17
3/31/24 20:20,16.08
3/31/24 20:30,15.53
3/31/24 20:40,15.14
3/31/24 20:50,14.84
3/31/24 21:00,14.63
3/31/24 21:10,14.41
3/31/24 21:20,14.28
3/31/24 21:30,14.03
3/31/24 21:40,14.15
3/31/24 21:50,14.15
3/31/24 22:00,14.2
3/31/24 22:10,14.24
3/31/24 22:20,14.2
3/31/24 22:30,14.28
3/31/24 22:40,14.37
3/31/24 22:50,14.5